Workbook

Sheet Slate
A1: ClutchSheets | F5 Innings | March 29, 2026 | xRA × (oppBat/2.52)^1.2 × 0.8 | NegBin r=6.0
A2: ✏ YELLOW = type here (team codes, pitcher names, ump name). BLUE = auto via XLOOKUP — updates when you change any yellow cell. OVR cols override final xRUNS. Win% uses pipeline values — re-run pipeline to refresh.
A3: # | B3: Away | C3: Away SP | D3: Throws | E3: Away xRA | F3: Away Bat | G3: Away xR | H3: Away W% | I3: Away FV | J3: vs | K3: Home | L3: Home SP | M3: Throws | N3: Home xRA | O3: Home Bat | P3: Home xR | Q3: Home W% | R3: Home FV | S3: Ump | T3: Ump Δ | U3: Park
A4: 1 | B4: Minnesota Twins | C4: Bailey Ober | D4: =IFERROR(_xlfn.XLOOKUP(C4,Pitchers!$A$3:$A$692,Pitchers!$B$3:$B$692,"R",0),IFERROR(_xlfn.XLOOKUP(C4,Pitchers!$A$3:$A$692,Pitchers!$B$3:$B$692,"R",2),"R")) -> R | E4: =IFERROR(_xlfn.XLOOKUP(C4,Pitchers!$A$3:$A$692,Pitchers!$C$3:$C$692,2.52,0),IFERROR(_xlfn.XLOOKUP(C4,Pitchers!$A$3:$A$692,Pitchers!$C$3:$C$692,2.52,2),2.52)) -> 2.8272 | F4: =IFERROR(IF(M4="L",_xlfn.XLOOKUP(B4,TeamOffense!$D$3:$D$32,TeamOffense!$C$3:$C$32,2.52),_xlfn.XLOOKUP(B4,TeamOffense!$D$3:$D$32,TeamOffense!$B$3:$B$32,2.52)),2.52) -> 2.3542 | G4: =IFERROR(ROUND(E4*(F4/2.52)^1.2*0.8*U4,3),"") -> 2.214 | H4: =IFERROR(1/(1+EXP(-1.3*(G4-P4))),0.5) -> 0.31096751 | I4: =IFERROR(IF(H4>=0.5,-ROUND(H4/(1-H4)*100,0),ROUND((1-H4)/H4*100,0)),"") -> 222 | J4: vs | K4: Baltimore Orioles | L4: Shane Baz | M4: =IFERROR(_xlfn.XLOOKUP(L4,Pitchers!$A$3:$A$692,Pitchers!$B$3:$B$692,"R",0),IFERROR(_xlfn.XLOOKUP(L4,Pitchers!$A$3:$A$692,Pitchers!$B$3:$B$692,"R",2),"R")) -> R | N4: =IFERROR(_xlfn.XLOOKUP(L4,Pitchers!$A$3:$A$692,Pitchers!$C$3:$C$692,2.52,0),IFERROR(_xlfn.XLOOKUP(L4,Pitchers!$A$3:$A$692,Pitchers!$C$3:$C$692,2.52,2),2.52)) -> 3.6043 | O4: =IFERROR(IF(D4="L",_xlfn.XLOOKUP(K4,TeamOffense!$D$3:$D$32,TeamOffense!$C$3:$C$32,2.52),_xlfn.XLOOKUP(K4,TeamOffense!$D$3:$D$32,TeamOffense!$B$3:$B$32,2.52)),2.52) -> 2.3571 | P4: =IFERROR(ROUND(N4*(O4/2.52)^1.2*0.8*U4,3),"") -> 2.826 | Q4: =1-H4 -> 0.68903249 | R4: =IFERROR(IF(Q4>=0.5,-ROUND(Q4/(1-Q4)*100,0),ROUND((1-Q4)/Q4*100,0)),"") -> -222 | S4: Chris Segal | T4: =IFERROR(_xlfn.XLOOKUP(S4,Umpires!$A$4:$A$95,Umpires!$B$4:$B$95,0),0) -> 0.245 | U4: =IFERROR(_xlfn.XLOOKUP(K4,ParkFactors!$C$3:$C$32,ParkFactors!$B$3:$B$32,1),1) -> 1.062
A5: 2 | B5: Texas Rangers | C5: MacKenzie Gore | D5: =IFERROR(_xlfn.XLOOKUP(C5,Pitchers!$A$3:$A$692,Pitchers!$B$3:$B$692,"R",0),IFERROR(_xlfn.XLOOKUP(C5,Pitchers!$A$3:$A$692,Pitchers!$B$3:$B$692,"R",2),"R")) -> L | E5: =IFERROR(_xlfn.XLOOKUP(C5,Pitchers!$A$3:$A$692,Pitchers!$C$3:$C$692,2.52,0),IFERROR(_xlfn.XLOOKUP(C5,Pitchers!$A$3:$A$692,Pitchers!$C$3:$C$692,2.52,2),2.52)) -> 2.6565 | F5: =IFERROR(IF(M5="L",_xlfn.XLOOKUP(B5,TeamOffense!$D$3:$D$32,TeamOffense!$C$3:$C$32,2.52),_xlfn.XLOOKUP(B5,TeamOffense!$D$3:$D$32,TeamOffense!$B$3:$B$32,2.52)),2.52) -> 2.6129 | G5: =IFERROR(ROUND(E5*(F5/2.52)^1.2*0.8*U5,3),"") -> 2.21 | H5: =IFERROR(1/(1+EXP(-1.3*(G5-P5))),0.5) -> 0.59940823 | I5: =IFERROR(IF(H5>=0.5,-ROUND(H5/(1-H5)*100,0),ROUND((1-H5)/H5*100,0)),"") -> -150 | J5: vs | K5: Philadelphia Phillies | L5: Jesús Luzardo | M5: =IFERROR(_xlfn.XLOOKUP(L5,Pitchers!$A$3:$A$692,Pitchers!$B$3:$B$692,"R",0),IFERROR(_xlfn.XLOOKUP(L5,Pitchers!$A$3:$A$692,Pitchers!$B$3:$B$692,"R",2),"R")) -> R | N5: =IFERROR(_xlfn.XLOOKUP(L5,Pitchers!$A$3:$A$692,Pitchers!$C$3:$C$692,2.52,0),IFERROR(_xlfn.XLOOKUP(L5,Pitchers!$A$3:$A$692,Pitchers!$C$3:$C$692,2.52,2),2.52)) -> 2.52 | O5: =IFERROR(IF(D5="L",_xlfn.XLOOKUP(K5,TeamOffense!$D$3:$D$32,TeamOffense!$C$3:$C$32,2.52),_xlfn.XLOOKUP(K5,TeamOffense!$D$3:$D$32,TeamOffense!$B$3:$B$32,2.52)),2.52) -> 2.4068 | P5: =IFERROR(ROUND(N5*(O5/2.52)^1.2*0.8*U5,3),"") -> 1.9 | Q5: =1-H5 -> 0.40059177 | R5: =IFERROR(IF(Q5>=0.5,-ROUND(Q5/(1-Q5)*100,0),ROUND((1-Q5)/Q5*100,0)),"") -> 150 | S5: Sean Barber | T5: =IFERROR(_xlfn.XLOOKUP(S5,Umpires!$A$4:$A$95,Umpires!$B$4:$B$95,0),0) -> 0.255 | U5: =IFERROR(_xlfn.XLOOKUP(K5,ParkFactors!$C$3:$C$32,ParkFactors!$B$3:$B$32,1),1) -> 0.9959
A6: 3 | B6: Kansas City Royals | C6: Seth Lugo | D6: =IFERROR(_xlfn.XLOOKUP(C6,Pitchers!$A$3:$A$692,Pitchers!$B$3:$B$692,"R",0),IFERROR(_xlfn.XLOOKUP(C6,Pitchers!$A$3:$A$692,Pitchers!$B$3:$B$692,"R",2),"R")) -> R | E6: =IFERROR(_xlfn.XLOOKUP(C6,Pitchers!$A$3:$A$692,Pitchers!$C$3:$C$692,2.52,0),IFERROR(_xlfn.XLOOKUP(C6,Pitchers!$A$3:$A$692,Pitchers!$C$3:$C$692,2.52,2),2.52)) -> 2.7337 | F6: =IFERROR(IF(M6="L",_xlfn.XLOOKUP(B6,TeamOffense!$D$3:$D$32,TeamOffense!$C$3:$C$32,2.52),_xlfn.XLOOKUP(B6,TeamOffense!$D$3:$D$32,TeamOffense!$B$3:$B$32,2.52)),2.52) -> 2.1913 | G6: =IFERROR(ROUND(E6*(F6/2.52)^1.2*0.8*U6,3),"") -> 1.92 | H6: =IFERROR(1/(1+EXP(-1.3*(G6-P6))),0.5) -> 0.7453189 | I6: =IFERROR(IF(H6>=0.5,-ROUND(H6/(1-H6)*100,0),ROUND((1-H6)/H6*100,0)),"") -> -293 | J6: vs | K6: Atlanta Braves | L6: Grant Holmes | M6: =IFERROR(_xlfn.XLOOKUP(L6,Pitchers!$A$3:$A$692,Pitchers!$B$3:$B$692,"R",0),IFERROR(_xlfn.XLOOKUP(L6,Pitchers!$A$3:$A$692,Pitchers!$B$3:$B$692,"R",2),"R")) -> R | N6: =IFERROR(_xlfn.XLOOKUP(L6,Pitchers!$A$3:$A$692,Pitchers!$C$3:$C$692,2.52,0),IFERROR(_xlfn.XLOOKUP(L6,Pitchers!$A$3:$A$692,Pitchers!$C$3:$C$692,2.52,2),2.52)) -> 1.4388 | O6: =IFERROR(IF(D6="L",_xlfn.XLOOKUP(K6,TeamOffense!$D$3:$D$32,TeamOffense!$C$3:$C$32,2.52),_xlfn.XLOOKUP(K6,TeamOffense!$D$3:$D$32,TeamOffense!$B$3:$B$32,2.52)),2.52) -> 2.3413 | P6: =IFERROR(ROUND(N6*(O6/2.52)^1.2*0.8*U6,3),"") -> 1.094 | Q6: =1-H6 -> 0.2546811 | R6: =IFERROR(IF(Q6>=0.5,-ROUND(Q6/(1-Q6)*100,0),ROUND((1-Q6)/Q6*100,0)),"") -> 293 | S6: Gabe Morales | T6: =IFERROR(_xlfn.XLOOKUP(S6,Umpires!$A$4:$A$95,Umpires!$B$4:$B$95,0),0) -> 0.19 | U6: =IFERROR(_xlfn.XLOOKUP(K6,ParkFactors!$C$3:$C$32,ParkFactors!$B$3:$B$32,1),1) -> 1.0383
A7: 4 | B7: Athletics | C7: Luis Morales | D7: =IFERROR(_xlfn.XLOOKUP(C7,Pitchers!$A$3:$A$692,Pitchers!$B$3:$B$692,"R",0),IFERROR(_xlfn.XLOOKUP(C7,Pitchers!$A$3:$A$692,Pitchers!$B$3:$B$692,"R",2),"R")) -> R | E7: =IFERROR(_xlfn.XLOOKUP(C7,Pitchers!$A$3:$A$692,Pitchers!$C$3:$C$692,2.52,0),IFERROR(_xlfn.XLOOKUP(C7,Pitchers!$A$3:$A$692,Pitchers!$C$3:$C$692,2.52,2),2.52)) -> 3.033 | F7: =IFERROR(IF(M7="L",_xlfn.XLOOKUP(B7,TeamOffense!$D$3:$D$32,TeamOffense!$C$3:$C$32,2.52),_xlfn.XLOOKUP(B7,TeamOffense!$D$3:$D$32,TeamOffense!$B$3:$B$32,2.52)),2.52) -> 2.7407 | G7: =IFERROR(ROUND(E7*(F7/2.52)^1.2*0.8*U7,3),"") -> 2.609 | H7: =IFERROR(1/(1+EXP(-1.3*(G7-P7))),0.5) -> 0.57800767 | I7: =IFERROR(IF(H7>=0.5,-ROUND(H7/(1-H7)*100,0),ROUND((1-H7)/H7*100,0)),"") -> -137 | J7: vs | K7: Toronto Blue Jays | L7: Eric Lauer | M7: =IFERROR(_xlfn.XLOOKUP(L7,Pitchers!$A$3:$A$692,Pitchers!$B$3:$B$692,"R",0),IFERROR(_xlfn.XLOOKUP(L7,Pitchers!$A$3:$A$692,Pitchers!$B$3:$B$692,"R",2),"R")) -> L | N7: =IFERROR(_xlfn.XLOOKUP(L7,Pitchers!$A$3:$A$692,Pitchers!$C$3:$C$692,2.52,0),IFERROR(_xlfn.XLOOKUP(L7,Pitchers!$A$3:$A$692,Pitchers!$C$3:$C$692,2.52,2),2.52)) -> 2.9116 | O7: =IFERROR(IF(D7="L",_xlfn.XLOOKUP(K7,TeamOffense!$D$3:$D$32,TeamOffense!$C$3:$C$32,2.52),_xlfn.XLOOKUP(K7,TeamOffense!$D$3:$D$32,TeamOffense!$B$3:$B$32,2.52)),2.52) -> 2.6148 | P7: =IFERROR(ROUND(N7*(O7/2.52)^1.2*0.8*U7,3),"") -> 2.367 | Q7: =1-H7 -> 0.42199233 | R7: =IFERROR(IF(Q7>=0.5,-ROUND(Q7/(1-Q7)*100,0),ROUND((1-Q7)/Q7*100,0)),"") -> 137 | S7: Ryan Blakney | T7: =IFERROR(_xlfn.XLOOKUP(S7,Umpires!$A$4:$A$95,Umpires!$B$4:$B$95,0),0) -> 0.22 | U7: =IFERROR(_xlfn.XLOOKUP(K7,ParkFactors!$C$3:$C$32,ParkFactors!$B$3:$B$32,1),1) -> 0.9722
A8: 5 | B8: Boston Red Sox | C8: Connelly Early | D8: =IFERROR(_xlfn.XLOOKUP(C8,Pitchers!$A$3:$A$692,Pitchers!$B$3:$B$692,"R",0),IFERROR(_xlfn.XLOOKUP(C8,Pitchers!$A$3:$A$692,Pitchers!$B$3:$B$692,"R",2),"R")) -> R | E8: =IFERROR(_xlfn.XLOOKUP(C8,Pitchers!$A$3:$A$692,Pitchers!$C$3:$C$692,2.52,0),IFERROR(_xlfn.XLOOKUP(C8,Pitchers!$A$3:$A$692,Pitchers!$C$3:$C$692,2.52,2),2.52)) -> 2.52 | F8: =IFERROR(IF(M8="L",_xlfn.XLOOKUP(B8,TeamOffense!$D$3:$D$32,TeamOffense!$C$3:$C$32,2.52),_xlfn.XLOOKUP(B8,TeamOffense!$D$3:$D$32,TeamOffense!$B$3:$B$32,2.52)),2.52) -> 2.6491 | G8: =IFERROR(ROUND(E8*(F8/2.52)^1.2*0.8*U8,3),"") -> 2.26 | H8: =IFERROR(1/(1+EXP(-1.3*(G8-P8))),0.5) -> 0.55534726 | I8: =IFERROR(IF(H8>=0.5,-ROUND(H8/(1-H8)*100,0),ROUND((1-H8)/H8*100,0)),"") -> -125 | J8: vs | K8: Cincinnati Reds | L8: Rhett Lowder | M8: =IFERROR(_xlfn.XLOOKUP(L8,Pitchers!$A$3:$A$692,Pitchers!$B$3:$B$692,"R",0),IFERROR(_xlfn.XLOOKUP(L8,Pitchers!$A$3:$A$692,Pitchers!$B$3:$B$692,"R",2),"R")) -> R | N8: =IFERROR(_xlfn.XLOOKUP(L8,Pitchers!$A$3:$A$692,Pitchers!$C$3:$C$692,2.52,0),IFERROR(_xlfn.XLOOKUP(L8,Pitchers!$A$3:$A$692,Pitchers!$C$3:$C$692,2.52,2),2.52)) -> 2.52 | O8: =IFERROR(IF(D8="L",_xlfn.XLOOKUP(K8,TeamOffense!$D$3:$D$32,TeamOffense!$C$3:$C$32,2.52),_xlfn.XLOOKUP(K8,TeamOffense!$D$3:$D$32,TeamOffense!$B$3:$B$32,2.52)),2.52) -> 2.4809 | P8: =IFERROR(ROUND(N8*(O8/2.52)^1.2*0.8*U8,3),"") -> 2.089 | Q8: =1-H8 -> 0.44465274 | R8: =IFERROR(IF(Q8>=0.5,-ROUND(Q8/(1-Q8)*100,0),ROUND((1-Q8)/Q8*100,0)),"") -> 125 | S8: Adam Beck | T8: =IFERROR(_xlfn.XLOOKUP(S8,Umpires!$A$4:$A$95,Umpires!$B$4:$B$95,0),0) -> 0.195 | U8: =IFERROR(_xlfn.XLOOKUP(K8,ParkFactors!$C$3:$C$32,ParkFactors!$B$3:$B$32,1),1) -> 1.0557
A9: 6 | B9: Pittsburgh Pirates | C9: Carmen Mlodzinski | D9: =IFERROR(_xlfn.XLOOKUP(C9,Pitchers!$A$3:$A$692,Pitchers!$B$3:$B$692,"R",0),IFERROR(_xlfn.XLOOKUP(C9,Pitchers!$A$3:$A$692,Pitchers!$B$3:$B$692,"R",2),"R")) -> R | E9: =IFERROR(_xlfn.XLOOKUP(C9,Pitchers!$A$3:$A$692,Pitchers!$C$3:$C$692,2.52,0),IFERROR(_xlfn.XLOOKUP(C9,Pitchers!$A$3:$A$692,Pitchers!$C$3:$C$692,2.52,2),2.52)) -> 3.6331 | F9: =IFERROR(IF(M9="L",_xlfn.XLOOKUP(B9,TeamOffense!$D$3:$D$32,TeamOffense!$C$3:$C$32,2.52),_xlfn.XLOOKUP(B9,TeamOffense!$D$3:$D$32,TeamOffense!$B$3:$B$32,2.52)),2.52) -> 2.1463 | G9: =IFERROR(ROUND(E9*(F9/2.52)^1.2*0.8*U9,3),"") -> 2.36 | H9: =IFERROR(1/(1+EXP(-1.3*(G9-P9))),0.5) -> 0.78164867 | I9: =IFERROR(IF(H9>=0.5,-ROUND(H9/(1-H9)*100,0),ROUND((1-H9)/H9*100,0)),"") -> -358 | J9: vs | K9: New York Mets | L9: Nolan McLean | M9: =IFERROR(_xlfn.XLOOKUP(L9,Pitchers!$A$3:$A$692,Pitchers!$B$3:$B$692,"R",0),IFERROR(_xlfn.XLOOKUP(L9,Pitchers!$A$3:$A$692,Pitchers!$B$3:$B$692,"R",2),"R")) -> R | N9: =IFERROR(_xlfn.XLOOKUP(L9,Pitchers!$A$3:$A$692,Pitchers!$C$3:$C$692,2.52,0),IFERROR(_xlfn.XLOOKUP(L9,Pitchers!$A$3:$A$692,Pitchers!$C$3:$C$692,2.52,2),2.52)) -> 1.7921 | O9: =IFERROR(IF(D9="L",_xlfn.XLOOKUP(K9,TeamOffense!$D$3:$D$32,TeamOffense!$C$3:$C$32,2.52),_xlfn.XLOOKUP(K9,TeamOffense!$D$3:$D$32,TeamOffense!$B$3:$B$32,2.52)),2.52) -> 2.472 | P9: =IFERROR(ROUND(N9*(O9/2.52)^1.2*0.8*U9,3),"") -> 1.379 | Q9: =1-H9 -> 0.21835133 | R9: =IFERROR(IF(Q9>=0.5,-ROUND(Q9/(1-Q9)*100,0),ROUND((1-Q9)/Q9*100,0)),"") -> 358 | S9: Ramon De Jesus | T9: =IFERROR(_xlfn.XLOOKUP(S9,Umpires!$A$4:$A$95,Umpires!$B$4:$B$95,0),0) -> 0.245 | U9: =IFERROR(_xlfn.XLOOKUP(K9,ParkFactors!$C$3:$C$32,ParkFactors!$B$3:$B$32,1),1) -> 0.9844
A10: 7 | B10: Colorado Rockies | C10: Jose Quintana | D10: =IFERROR(_xlfn.XLOOKUP(C10,Pitchers!$A$3:$A$692,Pitchers!$B$3:$B$692,"R",0),IFERROR(_xlfn.XLOOKUP(C10,Pitchers!$A$3:$A$692,Pitchers!$B$3:$B$692,"R",2),"R")) -> L | E10: =IFERROR(_xlfn.XLOOKUP(C10,Pitchers!$A$3:$A$692,Pitchers!$C$3:$C$692,2.52,0),IFERROR(_xlfn.XLOOKUP(C10,Pitchers!$A$3:$A$692,Pitchers!$C$3:$C$692,2.52,2),2.52)) -> 3.496 | F10: =IFERROR(IF(M10="L",_xlfn.XLOOKUP(B10,TeamOffense!$D$3:$D$32,TeamOffense!$C$3:$C$32,2.52),_xlfn.XLOOKUP(B10,TeamOffense!$D$3:$D$32,TeamOffense!$B$3:$B$32,2.52)),2.52) -> 2.1417 | G10: =IFERROR(ROUND(E10*(F10/2.52)^1.2*0.8*U10,3),"") -> 2.274 | H10: =IFERROR(1/(1+EXP(-1.3*(G10-P10))),0.5) -> 0.53180699 | I10: =IFERROR(IF(H10>=0.5,-ROUND(H10/(1-H10)*100,0),ROUND((1-H10)/H10*100,0)),"") -> -114 | J10: vs | K10: Miami Marlins | L10: Max Meyer | M10: =IFERROR(_xlfn.XLOOKUP(L10,Pitchers!$A$3:$A$692,Pitchers!$B$3:$B$692,"R",0),IFERROR(_xlfn.XLOOKUP(L10,Pitchers!$A$3:$A$692,Pitchers!$B$3:$B$692,"R",2),"R")) -> R | N10: =IFERROR(_xlfn.XLOOKUP(L10,Pitchers!$A$3:$A$692,Pitchers!$C$3:$C$692,2.52,0),IFERROR(_xlfn.XLOOKUP(L10,Pitchers!$A$3:$A$692,Pitchers!$C$3:$C$692,2.52,2),2.52)) -> 2.8403 | O10: =IFERROR(IF(D10="L",_xlfn.XLOOKUP(K10,TeamOffense!$D$3:$D$32,TeamOffense!$C$3:$C$32,2.52),_xlfn.XLOOKUP(K10,TeamOffense!$D$3:$D$32,TeamOffense!$B$3:$B$32,2.52)),2.52) -> 2.4545 | P10: =IFERROR(ROUND(N10*(O10/2.52)^1.2*0.8*U10,3),"") -> 2.176 | Q10: =1-H10 -> 0.46819301 | R10: =IFERROR(IF(Q10>=0.5,-ROUND(Q10/(1-Q10)*100,0),ROUND((1-Q10)/Q10*100,0)),"") -> 114 | S10: Stu Scheurwater | T10: =IFERROR(_xlfn.XLOOKUP(S10,Umpires!$A$4:$A$95,Umpires!$B$4:$B$95,0),0) -> 0.21 | U10: =IFERROR(_xlfn.XLOOKUP(K10,ParkFactors!$C$3:$C$32,ParkFactors!$B$3:$B$32,1),1) -> 0.9885
A11: 8 | B11: Los Angeles Angels | C11: Jack Kochanowicz | D11: =IFERROR(_xlfn.XLOOKUP(C11,Pitchers!$A$3:$A$692,Pitchers!$B$3:$B$692,"R",0),IFERROR(_xlfn.XLOOKUP(C11,Pitchers!$A$3:$A$692,Pitchers!$B$3:$B$692,"R",2),"R")) -> R | E11: =IFERROR(_xlfn.XLOOKUP(C11,Pitchers!$A$3:$A$692,Pitchers!$C$3:$C$692,2.52,0),IFERROR(_xlfn.XLOOKUP(C11,Pitchers!$A$3:$A$692,Pitchers!$C$3:$C$692,2.52,2),2.52)) -> 2.8613 | F11: =IFERROR(IF(M11="L",_xlfn.XLOOKUP(B11,TeamOffense!$D$3:$D$32,TeamOffense!$C$3:$C$32,2.52),_xlfn.XLOOKUP(B11,TeamOffense!$D$3:$D$32,TeamOffense!$B$3:$B$32,2.52)),2.52) -> 2.3784 | G11: =IFERROR(ROUND(E11*(F11/2.52)^1.2*0.8*U11,3),"") -> 2.076 | H11: =IFERROR(1/(1+EXP(-1.3*(G11-P11))),0.5) -> 0.60159131 | I11: =IFERROR(IF(H11>=0.5,-ROUND(H11/(1-H11)*100,0),ROUND((1-H11)/H11*100,0)),"") -> -151 | J11: vs | K11: Houston Astros | L11: Tatsuya Imai | M11: =IFERROR(_xlfn.XLOOKUP(L11,Pitchers!$A$3:$A$692,Pitchers!$B$3:$B$692,"R",0),IFERROR(_xlfn.XLOOKUP(L11,Pitchers!$A$3:$A$692,Pitchers!$B$3:$B$692,"R",2),"R")) -> R | N11: =IFERROR(_xlfn.XLOOKUP(L11,Pitchers!$A$3:$A$692,Pitchers!$C$3:$C$692,2.52,0),IFERROR(_xlfn.XLOOKUP(L11,Pitchers!$A$3:$A$692,Pitchers!$C$3:$C$692,2.52,2),2.52)) -> 2.52 | O11: =IFERROR(IF(D11="L",_xlfn.XLOOKUP(K11,TeamOffense!$D$3:$D$32,TeamOffense!$C$3:$C$32,2.52),_xlfn.XLOOKUP(K11,TeamOffense!$D$3:$D$32,TeamOffense!$B$3:$B$32,2.52)),2.52) -> 2.3028 | P11: =IFERROR(ROUND(N11*(O11/2.52)^1.2*0.8*U11,3),"") -> 1.759 | Q11: =1-H11 -> 0.39840869 | R11: =IFERROR(IF(Q11>=0.5,-ROUND(Q11/(1-Q11)*100,0),ROUND((1-Q11)/Q11*100,0)),"") -> 151 | S11: Brennan Miller | T11: =IFERROR(_xlfn.XLOOKUP(S11,Umpires!$A$4:$A$95,Umpires!$B$4:$B$95,0),0) -> 0.285 | U11: =IFERROR(_xlfn.XLOOKUP(K11,ParkFactors!$C$3:$C$32,ParkFactors!$B$3:$B$32,1),1) -> 0.9721
A12: 9 | B12: Chicago White Sox | C12: Anthony Kay | D12: =IFERROR(_xlfn.XLOOKUP(C12,Pitchers!$A$3:$A$692,Pitchers!$B$3:$B$692,"R",0),IFERROR(_xlfn.XLOOKUP(C12,Pitchers!$A$3:$A$692,Pitchers!$B$3:$B$692,"R",2),"R")) -> R | E12: =IFERROR(_xlfn.XLOOKUP(C12,Pitchers!$A$3:$A$692,Pitchers!$C$3:$C$692,2.52,0),IFERROR(_xlfn.XLOOKUP(C12,Pitchers!$A$3:$A$692,Pitchers!$C$3:$C$692,2.52,2),2.52)) -> 2.52 | F12: =IFERROR(IF(M12="L",_xlfn.XLOOKUP(B12,TeamOffense!$D$3:$D$32,TeamOffense!$C$3:$C$32,2.52),_xlfn.XLOOKUP(B12,TeamOffense!$D$3:$D$32,TeamOffense!$B$3:$B$32,2.52)),2.52) -> 2.1983 | G12: =IFERROR(ROUND(E12*(F12/2.52)^1.2*0.8*U12,3),"") -> 1.693 | H12: =IFERROR(1/(1+EXP(-1.3*(G12-P12))),0.5) -> 0.28993495 | I12: =IFERROR(IF(H12>=0.5,-ROUND(H12/(1-H12)*100,0),ROUND((1-H12)/H12*100,0)),"") -> 245 | J12: vs | K12: Milwaukee Brewers | L12: Brandon Sproat | M12: =IFERROR(_xlfn.XLOOKUP(L12,Pitchers!$A$3:$A$692,Pitchers!$B$3:$B$692,"R",0),IFERROR(_xlfn.XLOOKUP(L12,Pitchers!$A$3:$A$692,Pitchers!$B$3:$B$692,"R",2),"R")) -> R | N12: =IFERROR(_xlfn.XLOOKUP(L12,Pitchers!$A$3:$A$692,Pitchers!$C$3:$C$692,2.52,0),IFERROR(_xlfn.XLOOKUP(L12,Pitchers!$A$3:$A$692,Pitchers!$C$3:$C$692,2.52,2),2.52)) -> 2.52 | O12: =IFERROR(IF(D12="L",_xlfn.XLOOKUP(K12,TeamOffense!$D$3:$D$32,TeamOffense!$C$3:$C$32,2.52),_xlfn.XLOOKUP(K12,TeamOffense!$D$3:$D$32,TeamOffense!$B$3:$B$32,2.52)),2.52) -> 2.9217 | P12: =IFERROR(ROUND(N12*(O12/2.52)^1.2*0.8*U12,3),"") -> 2.382 | Q12: =1-H12 -> 0.71006505 | R12: =IFERROR(IF(Q12>=0.5,-ROUND(Q12/(1-Q12)*100,0),ROUND((1-Q12)/Q12*100,0)),"") -> -245 | S12: Carlos Torres | T12: =IFERROR(_xlfn.XLOOKUP(S12,Umpires!$A$4:$A$95,Umpires!$B$4:$B$95,0),0) -> 0.235 | U12: =IFERROR(_xlfn.XLOOKUP(K12,ParkFactors!$C$3:$C$32,ParkFactors!$B$3:$B$32,1),1) -> 0.9893
A13: 10 | B13: Tampa Bay Rays | C13: Steven Matz | D13: =IFERROR(_xlfn.XLOOKUP(C13,Pitchers!$A$3:$A$692,Pitchers!$B$3:$B$692,"R",0),IFERROR(_xlfn.XLOOKUP(C13,Pitchers!$A$3:$A$692,Pitchers!$B$3:$B$692,"R",2),"R")) -> L | E13: =IFERROR(_xlfn.XLOOKUP(C13,Pitchers!$A$3:$A$692,Pitchers!$C$3:$C$692,2.52,0),IFERROR(_xlfn.XLOOKUP(C13,Pitchers!$A$3:$A$692,Pitchers!$C$3:$C$692,2.52,2),2.52)) -> 4.6059 | F13: =IFERROR(IF(M13="L",_xlfn.XLOOKUP(B13,TeamOffense!$D$3:$D$32,TeamOffense!$C$3:$C$32,2.52),_xlfn.XLOOKUP(B13,TeamOffense!$D$3:$D$32,TeamOffense!$B$3:$B$32,2.52)),2.52) -> 2.7302 | G13: =IFERROR(ROUND(E13*(F13/2.52)^1.2*0.8*U13,3),"") -> 4.175 | H13: =IFERROR(1/(1+EXP(-1.3*(G13-P13))),0.5) -> 0.97267904 | I13: =IFERROR(IF(H13>=0.5,-ROUND(H13/(1-H13)*100,0),ROUND((1-H13)/H13*100,0)),"") -> -3560 | J13: vs | K13: St. Louis Cardinals | L13: Dustin May | M13: =IFERROR(_xlfn.XLOOKUP(L13,Pitchers!$A$3:$A$692,Pitchers!$B$3:$B$692,"R",0),IFERROR(_xlfn.XLOOKUP(L13,Pitchers!$A$3:$A$692,Pitchers!$B$3:$B$692,"R",2),"R")) -> R | N13: =IFERROR(_xlfn.XLOOKUP(L13,Pitchers!$A$3:$A$692,Pitchers!$C$3:$C$692,2.52,0),IFERROR(_xlfn.XLOOKUP(L13,Pitchers!$A$3:$A$692,Pitchers!$C$3:$C$692,2.52,2),2.52)) -> 2.2301 | O13: =IFERROR(IF(D13="L",_xlfn.XLOOKUP(K13,TeamOffense!$D$3:$D$32,TeamOffense!$C$3:$C$32,2.52),_xlfn.XLOOKUP(K13,TeamOffense!$D$3:$D$32,TeamOffense!$B$3:$B$32,2.52)),2.52) -> 2.0426 | P13: =IFERROR(ROUND(N13*(O13/2.52)^1.2*0.8*U13,3),"") -> 1.427 | Q13: =1-H13 -> 0.02732096 | R13: =IFERROR(IF(Q13>=0.5,-ROUND(Q13/(1-Q13)*100,0),ROUND((1-Q13)/Q13*100,0)),"") -> 3560 | S13: Nestor Ceja | T13: =IFERROR(_xlfn.XLOOKUP(S13,Umpires!$A$4:$A$95,Umpires!$B$4:$B$95,0),0) -> 0.215 | U13: =IFERROR(_xlfn.XLOOKUP(K13,ParkFactors!$C$3:$C$32,ParkFactors!$B$3:$B$32,1),1) -> 1.0293
A14: 11 | B14: Washington Nationals | C14: Jake Irvin | D14: =IFERROR(_xlfn.XLOOKUP(C14,Pitchers!$A$3:$A$692,Pitchers!$B$3:$B$692,"R",0),IFERROR(_xlfn.XLOOKUP(C14,Pitchers!$A$3:$A$692,Pitchers!$B$3:$B$692,"R",2),"R")) -> R | E14: =IFERROR(_xlfn.XLOOKUP(C14,Pitchers!$A$3:$A$692,Pitchers!$C$3:$C$692,2.52,0),IFERROR(_xlfn.XLOOKUP(C14,Pitchers!$A$3:$A$692,Pitchers!$C$3:$C$692,2.52,2),2.52)) -> 2.4281 | F14: =IFERROR(IF(M14="L",_xlfn.XLOOKUP(B14,TeamOffense!$D$3:$D$32,TeamOffense!$C$3:$C$32,2.52),_xlfn.XLOOKUP(B14,TeamOffense!$D$3:$D$32,TeamOffense!$B$3:$B$32,2.52)),2.52) -> 2.0943 | G14: =IFERROR(ROUND(E14*(F14/2.52)^1.2*0.8*U14,3),"") -> 1.545 | H14: =IFERROR(1/(1+EXP(-1.3*(G14-P14))),0.5) -> 0.24158671 | I14: =IFERROR(IF(H14>=0.5,-ROUND(H14/(1-H14)*100,0),ROUND((1-H14)/H14*100,0)),"") -> 314 | J14: vs | K14: Chicago Cubs | L14: Shota Imanaga | M14: =IFERROR(_xlfn.XLOOKUP(L14,Pitchers!$A$3:$A$692,Pitchers!$B$3:$B$692,"R",0),IFERROR(_xlfn.XLOOKUP(L14,Pitchers!$A$3:$A$692,Pitchers!$B$3:$B$692,"R",2),"R")) -> L | N14: =IFERROR(_xlfn.XLOOKUP(L14,Pitchers!$A$3:$A$692,Pitchers!$C$3:$C$692,2.52,0),IFERROR(_xlfn.XLOOKUP(L14,Pitchers!$A$3:$A$692,Pitchers!$C$3:$C$692,2.52,2),2.52)) -> 2.5639 | O14: =IFERROR(IF(D14="L",_xlfn.XLOOKUP(K14,TeamOffense!$D$3:$D$32,TeamOffense!$C$3:$C$32,2.52),_xlfn.XLOOKUP(K14,TeamOffense!$D$3:$D$32,TeamOffense!$B$3:$B$32,2.52)),2.52) -> 2.9134 | P14: =IFERROR(ROUND(N14*(O14/2.52)^1.2*0.8*U14,3),"") -> 2.425 | Q14: =1-H14 -> 0.75841329 | R14: =IFERROR(IF(Q14>=0.5,-ROUND(Q14/(1-Q14)*100,0),ROUND((1-Q14)/Q14*100,0)),"") -> -314 | S14: Roberto Ortiz | T14: =IFERROR(_xlfn.XLOOKUP(S14,Umpires!$A$4:$A$95,Umpires!$B$4:$B$95,0),0) -> 0.22 | U14: =IFERROR(_xlfn.XLOOKUP(K14,ParkFactors!$C$3:$C$32,ParkFactors!$B$3:$B$32,1),1) -> 0.9934
A15: 12 | B15: Cleveland Guardians | C15: Slade Cecconi | D15: =IFERROR(_xlfn.XLOOKUP(C15,Pitchers!$A$3:$A$692,Pitchers!$B$3:$B$692,"R",0),IFERROR(_xlfn.XLOOKUP(C15,Pitchers!$A$3:$A$692,Pitchers!$B$3:$B$692,"R",2),"R")) -> R | E15: =IFERROR(_xlfn.XLOOKUP(C15,Pitchers!$A$3:$A$692,Pitchers!$C$3:$C$692,2.52,0),IFERROR(_xlfn.XLOOKUP(C15,Pitchers!$A$3:$A$692,Pitchers!$C$3:$C$692,2.52,2),2.52)) -> 3.8459 | F15: =IFERROR(IF(M15="L",_xlfn.XLOOKUP(B15,TeamOffense!$D$3:$D$32,TeamOffense!$C$3:$C$32,2.52),_xlfn.XLOOKUP(B15,TeamOffense!$D$3:$D$32,TeamOffense!$B$3:$B$32,2.52)),2.52) -> 2.1579 | G15: =IFERROR(ROUND(E15*(F15/2.52)^1.2*0.8*U15,3),"") -> 2.216 | H15: =IFERROR(1/(1+EXP(-1.3*(G15-P15))),0.5) -> 0.42707382 | I15: =IFERROR(IF(H15>=0.5,-ROUND(H15/(1-H15)*100,0),ROUND((1-H15)/H15*100,0)),"") -> 134 | J15: vs | K15: Seattle Mariners | L15: Emerson Hancock | M15: =IFERROR(_xlfn.XLOOKUP(L15,Pitchers!$A$3:$A$692,Pitchers!$B$3:$B$692,"R",0),IFERROR(_xlfn.XLOOKUP(L15,Pitchers!$A$3:$A$692,Pitchers!$B$3:$B$692,"R",2),"R")) -> R | N15: =IFERROR(_xlfn.XLOOKUP(L15,Pitchers!$A$3:$A$692,Pitchers!$C$3:$C$692,2.52,0),IFERROR(_xlfn.XLOOKUP(L15,Pitchers!$A$3:$A$692,Pitchers!$C$3:$C$692,2.52,2),2.52)) -> 3.6088 | O15: =IFERROR(IF(D15="L",_xlfn.XLOOKUP(K15,TeamOffense!$D$3:$D$32,TeamOffense!$C$3:$C$32,2.52),_xlfn.XLOOKUP(K15,TeamOffense!$D$3:$D$32,TeamOffense!$B$3:$B$32,2.52)),2.52) -> 2.4667 | P15: =IFERROR(ROUND(N15*(O15/2.52)^1.2*0.8*U15,3),"") -> 2.442 | Q15: =1-H15 -> 0.57292618 | R15: =IFERROR(IF(Q15>=0.5,-ROUND(Q15/(1-Q15)*100,0),ROUND((1-Q15)/Q15*100,0)),"") -> -134 | T15: =IFERROR(_xlfn.XLOOKUP(S15,Umpires!$A$4:$A$95,Umpires!$B$4:$B$95,0),0) -> 0 | U15: =IFERROR(_xlfn.XLOOKUP(K15,ParkFactors!$C$3:$C$32,ParkFactors!$B$3:$B$32,1),1) -> 0.8677
A16: 13 | D16: =IFERROR(_xlfn.XLOOKUP(C16,Pitchers!$A$3:$A$692,Pitchers!$B$3:$B$692,"R",0),IFERROR(_xlfn.XLOOKUP(C16,Pitchers!$A$3:$A$692,Pitchers!$B$3:$B$692,"R",2),"R")) -> R | E16: =IFERROR(_xlfn.XLOOKUP(C16,Pitchers!$A$3:$A$692,Pitchers!$C$3:$C$692,2.52,0),IFERROR(_xlfn.XLOOKUP(C16,Pitchers!$A$3:$A$692,Pitchers!$C$3:$C$692,2.52,2),2.52)) -> 2.52 | F16: =IFERROR(IF(M16="L",_xlfn.XLOOKUP(B16,TeamOffense!$D$3:$D$32,TeamOffense!$C$3:$C$32,2.52),_xlfn.XLOOKUP(B16,TeamOffense!$D$3:$D$32,TeamOffense!$B$3:$B$32,2.52)),2.52) -> 2.52 | G16: =IFERROR(ROUND(E16*(F16/2.52)^1.2*0.8*U16,3),"") -> 2.016 | H16: =IFERROR(1/(1+EXP(-1.3*(G16-P16))),0.5) -> 0.5 | I16: =IFERROR(IF(H16>=0.5,-ROUND(H16/(1-H16)*100,0),ROUND((1-H16)/H16*100,0)),"") -> -100 | J16: vs | M16: =IFERROR(_xlfn.XLOOKUP(L16,Pitchers!$A$3:$A$692,Pitchers!$B$3:$B$692,"R",0),IFERROR(_xlfn.XLOOKUP(L16,Pitchers!$A$3:$A$692,Pitchers!$B$3:$B$692,"R",2),"R")) -> R | N16: =IFERROR(_xlfn.XLOOKUP(L16,Pitchers!$A$3:$A$692,Pitchers!$C$3:$C$692,2.52,0),IFERROR(_xlfn.XLOOKUP(L16,Pitchers!$A$3:$A$692,Pitchers!$C$3:$C$692,2.52,2),2.52)) -> 2.52 | O16: =IFERROR(IF(D16="L",_xlfn.XLOOKUP(K16,TeamOffense!$D$3:$D$32,TeamOffense!$C$3:$C$32,2.52),_xlfn.XLOOKUP(K16,TeamOffense!$D$3:$D$32,TeamOffense!$B$3:$B$32,2.52)),2.52) -> 2.52 | P16: =IFERROR(ROUND(N16*(O16/2.52)^1.2*0.8*U16,3),"") -> 2.016 | Q16: =1-H16 -> 0.5 | R16: =IFERROR(IF(Q16>=0.5,-ROUND(Q16/(1-Q16)*100,0),ROUND((1-Q16)/Q16*100,0)),"") -> -100 | T16: =IFERROR(_xlfn.XLOOKUP(S16,Umpires!$A$4:$A$95,Umpires!$B$4:$B$95,0),0) -> 0 | U16: =IFERROR(_xlfn.XLOOKUP(K16,ParkFactors!$C$3:$C$32,ParkFactors!$B$3:$B$32,1),1) -> 1
A17: 14 | D17: =IFERROR(_xlfn.XLOOKUP(C17,Pitchers!$A$3:$A$692,Pitchers!$B$3:$B$692,"R",0),IFERROR(_xlfn.XLOOKUP(C17,Pitchers!$A$3:$A$692,Pitchers!$B$3:$B$692,"R",2),"R")) -> R | E17: =IFERROR(_xlfn.XLOOKUP(C17,Pitchers!$A$3:$A$692,Pitchers!$C$3:$C$692,2.52,0),IFERROR(_xlfn.XLOOKUP(C17,Pitchers!$A$3:$A$692,Pitchers!$C$3:$C$692,2.52,2),2.52)) -> 2.52 | F17: =IFERROR(IF(M17="L",_xlfn.XLOOKUP(B17,TeamOffense!$D$3:$D$32,TeamOffense!$C$3:$C$32,2.52),_xlfn.XLOOKUP(B17,TeamOffense!$D$3:$D$32,TeamOffense!$B$3:$B$32,2.52)),2.52) -> 2.52 | G17: =IFERROR(ROUND(E17*(F17/2.52)^1.2*0.8*U17,3),"") -> 2.016 | H17: =IFERROR(1/(1+EXP(-1.3*(G17-P17))),0.5) -> 0.5 | I17: =IFERROR(IF(H17>=0.5,-ROUND(H17/(1-H17)*100,0),ROUND((1-H17)/H17*100,0)),"") -> -100 | J17: vs | M17: =IFERROR(_xlfn.XLOOKUP(L17,Pitchers!$A$3:$A$692,Pitchers!$B$3:$B$692,"R",0),IFERROR(_xlfn.XLOOKUP(L17,Pitchers!$A$3:$A$692,Pitchers!$B$3:$B$692,"R",2),"R")) -> R | N17: =IFERROR(_xlfn.XLOOKUP(L17,Pitchers!$A$3:$A$692,Pitchers!$C$3:$C$692,2.52,0),IFERROR(_xlfn.XLOOKUP(L17,Pitchers!$A$3:$A$692,Pitchers!$C$3:$C$692,2.52,2),2.52)) -> 2.52 | O17: =IFERROR(IF(D17="L",_xlfn.XLOOKUP(K17,TeamOffense!$D$3:$D$32,TeamOffense!$C$3:$C$32,2.52),_xlfn.XLOOKUP(K17,TeamOffense!$D$3:$D$32,TeamOffense!$B$3:$B$32,2.52)),2.52) -> 2.52 | P17: =IFERROR(ROUND(N17*(O17/2.52)^1.2*0.8*U17,3),"") -> 2.016 | Q17: =1-H17 -> 0.5 | R17: =IFERROR(IF(Q17>=0.5,-ROUND(Q17/(1-Q17)*100,0),ROUND((1-Q17)/Q17*100,0)),"") -> -100 | T17: =IFERROR(_xlfn.XLOOKUP(S17,Umpires!$A$4:$A$95,Umpires!$B$4:$B$95,0),0) -> 0 | U17: =IFERROR(_xlfn.XLOOKUP(K17,ParkFactors!$C$3:$C$32,ParkFactors!$B$3:$B$32,1),1) -> 1
A18: 15 | D18: =IFERROR(_xlfn.XLOOKUP(C18,Pitchers!$A$3:$A$692,Pitchers!$B$3:$B$692,"R",0),IFERROR(_xlfn.XLOOKUP(C18,Pitchers!$A$3:$A$692,Pitchers!$B$3:$B$692,"R",2),"R")) -> R | E18: =IFERROR(_xlfn.XLOOKUP(C18,Pitchers!$A$3:$A$692,Pitchers!$C$3:$C$692,2.52,0),IFERROR(_xlfn.XLOOKUP(C18,Pitchers!$A$3:$A$692,Pitchers!$C$3:$C$692,2.52,2),2.52)) -> 2.52 | F18: =IFERROR(IF(M18="L",_xlfn.XLOOKUP(B18,TeamOffense!$D$3:$D$32,TeamOffense!$C$3:$C$32,2.52),_xlfn.XLOOKUP(B18,TeamOffense!$D$3:$D$32,TeamOffense!$B$3:$B$32,2.52)),2.52) -> 2.52 | G18: =IFERROR(ROUND(E18*(F18/2.52)^1.2*0.8*U18,3),"") -> 2.016 | H18: =IFERROR(1/(1+EXP(-1.3*(G18-P18))),0.5) -> 0.5 | I18: =IFERROR(IF(H18>=0.5,-ROUND(H18/(1-H18)*100,0),ROUND((1-H18)/H18*100,0)),"") -> -100 | J18: vs | M18: =IFERROR(_xlfn.XLOOKUP(L18,Pitchers!$A$3:$A$692,Pitchers!$B$3:$B$692,"R",0),IFERROR(_xlfn.XLOOKUP(L18,Pitchers!$A$3:$A$692,Pitchers!$B$3:$B$692,"R",2),"R")) -> R | N18: =IFERROR(_xlfn.XLOOKUP(L18,Pitchers!$A$3:$A$692,Pitchers!$C$3:$C$692,2.52,0),IFERROR(_xlfn.XLOOKUP(L18,Pitchers!$A$3:$A$692,Pitchers!$C$3:$C$692,2.52,2),2.52)) -> 2.52 | O18: =IFERROR(IF(D18="L",_xlfn.XLOOKUP(K18,TeamOffense!$D$3:$D$32,TeamOffense!$C$3:$C$32,2.52),_xlfn.XLOOKUP(K18,TeamOffense!$D$3:$D$32,TeamOffense!$B$3:$B$32,2.52)),2.52) -> 2.52 | P18: =IFERROR(ROUND(N18*(O18/2.52)^1.2*0.8*U18,3),"") -> 2.016 | Q18: =1-H18 -> 0.5 | R18: =IFERROR(IF(Q18>=0.5,-ROUND(Q18/(1-Q18)*100,0),ROUND((1-Q18)/Q18*100,0)),"") -> -100 | T18: =IFERROR(_xlfn.XLOOKUP(S18,Umpires!$A$4:$A$95,Umpires!$B$4:$B$95,0),0) -> 0 | U18: =IFERROR(_xlfn.XLOOKUP(K18,ParkFactors!$C$3:$C$32,ParkFactors!$B$3:$B$32,1),1) -> 1
A20: ★ YELLOW = type here ★ BLUE = XLOOKUP auto ★ OVR (cols I/S) overrides final xRUNS in Forecast ★ Win% uses pipeline values — re-run f5_pipeline.py + build_f5_daily.py to refresh ★ Park red >1.05 = hitter-friendly | blue <0.95 = pitcher-friendly

Sheet Pitchers
A1: Pitcher xRA Database — update via f5_pipeline.py
A2: Name | B2: Throws | C2: f5_ra | D2: Starts
A3: A.J. Minter | B3: L | C3: 1.9423 | D3: 10
A4: A.J. Puk | B4: L | C4: 2.1122 | D4: 10
A5: AJ Smith-Shawver | B5: R | C5: 3.1522 | D5: 6
A6: Aaron Ashby | B6: L | C6: 1.3457 | D6: 10
A7: Aaron Bummer | B7: L | C7: 2.5303 | D7: 10
A8: Aaron Civale | B8: R | C8: 3.6194 | D8: 10
A9: Aaron Loup | B9: L | C9: 1.0223 | D9: 5
A10: Aaron Nola | B10: R | C10: 3.8393 | D10: 10
A11: Abner Uribe | B11: R | C11: 2.0671 | D11: 10
A12: Adam Cimber | B12: R | C12: 2.5285 | D12: 5
A13: Adam Mazur | B13: R | C13: 3.9365 | D13: 8
A14: Adam Oller | B14: R | C14: 2.1881 | D14: 8
... A692: Zebby Matthews | B692: R | C692: 3.3385 | D692: 10

Sheet TeamOffense
A1: Team F5 Batting Splits — update via f5_pipeline.py
A2: Team | B2: vs_RHP | C2: vs_LHP
A3: ARI | B3: 2.9333 | C3: 2.6829 | D3: Arizona Diamondbacks
A4: ATH | B4: 2.5463 | C4: 2.7407 | D4: Athletics
A5: ATL | B5: 2.3413 | C5: 2.2222 | D5: Atlanta Braves
A6: BAL | B6: 2.3571 | C6: 2.16 | D6: Baltimore Orioles
A7: BOS | B7: 2.6491 | C7: 2.5833 | D7: Boston Red Sox
A8: CHC | B8: 2.9134 | C8: 2.8 | D8: Chicago Cubs
A9: CIN | B9: 2.4809 | C9: 2.5 | D9: Cincinnati Reds
A10: CLE | B10: 2.1579 | C10: 2.2083 | D10: Cleveland Guardians
A11: COL | B11: 2.1417 | C11: 1.4878 | D11: Colorado Rockies
A12: CWS | B12: 2.1983 | C12: 2.3902 | D12: Chicago White Sox
A13: DET | B13: 2.7311 | C13: 2.7907 | D13: Detroit Tigers
A14: HOU | B14: 2.3028 | C14: 2.4423 | D14: Houston Astros
... A32: WSN | B32: 2.287 | C32: 2.0943 | D32: Washington Nationals

Sheet ParkFactors
A1: Park Factors — update via f5_pipeline.py
A2: Team | B2: Park Factor
A3: ARI | B3: 1.0872 | C3: Arizona Diamondbacks
A4: ATH | B4: 1.0133 | C4: Athletics
A5: ATL | B5: 1.0383 | C5: Atlanta Braves
A6: BAL | B6: 1.062 | C6: Baltimore Orioles
A7: BOS | B7: 1.0367 | C7: Boston Red Sox
A8: CHC | B8: 0.9934 | C8: Chicago Cubs
A9: CIN | B9: 1.0557 | C9: Cincinnati Reds
A10: CLE | B10: 0.9237 | C10: Cleveland Guardians
A11: COL | B11: 1.2658 | C11: Colorado Rockies
A12: CWS | B12: 0.8848 | C12: Chicago White Sox
A13: DET | B13: 0.9689 | C13: Detroit Tigers
A14: HOU | B14: 0.9721 | C14: Houston Astros
... A32: WSN | B32: 1.0546 | C32: Washington Nationals

Sheet Umpires
A1: Umpire Run Delta — update via build_ump_ratings.py
A2: ump_run_delta = avg_favor / 2 (per-team per-game runs vs average). >+0.20 = expand zone | <−0.10 = squeeze zone
A3: Umpire Name | B3: ump_run_delta | C3: Zone
A4: Adam Beck | B4: 0.195 | C4: neutral
A5: Adam Hamari | B5: 0.205 | C5: EXPAND
A6: Adrian Johnson | B6: 0.21 | C6: EXPAND
A7: Alan Porter | B7: 0.17 | C7: neutral
A8: Alex MacKay | B8: 0.205 | C8: EXPAND
A9: Alex Tosi | B9: 0.16 | C9: neutral
A10: Alfonso Márquez | B10: 0.265 | C10: EXPAND
A11: Andy Fletcher | B11: 0.225 | C11: EXPAND
A12: Austin Jones | B12: 0.19 | C12: neutral
A13: Ben May | B13: 0.22 | C13: EXPAND
A14: Bill Miller | B14: 0.215 | C14: EXPAND
A15: Brennan Miller | B15: 0.285 | C15: EXPAND
... A95: Willie Traynor | B95: 0.2 | C95: EXPAND

Sheet Forecast
A1: daily_forecast.csv | 2026-03-29 | Formula-driven from Slate. Run push_from_slate.py to export.
A2: date | B2: away_team | C2: away_sp | D2: home_team | E2: home_sp | F2: lambda_away | G2: lambda_home | H2: total_proj | I2: winprob_home | J2: model_version
A3: 2026-03-29 | B3: =IF(Slate!B4="","",Slate!B4) -> Minnesota Twins | C3: =IF(Slate!C4="","",Slate!C4) -> Bailey Ober | D3: =IF(Slate!K4="","",Slate!K4) -> Baltimore Orioles | E3: =IF(Slate!L4="","",Slate!L4) -> Shane Baz | F3: =IF(Slate!#REF!<>"",ROUND(Slate!#REF!,3),ROUND(Slate!G4,3)) -> #REF! | G3: =IF(Slate!#REF!<>"",ROUND(Slate!#REF!,3),ROUND(Slate!P4,3)) -> #REF! | H3: =IF(Slate!K4="","",ROUND(IF(Slate!#REF!<>"",ROUND(Slate!#REF!,3),ROUND(Slate!G4,3))+IF(Slate!#REF!<>"",ROUND(Slate!#REF!,3),ROUND(Slate!P4,3)),3)) -> #REF! | I3: =IF(Slate!Q4="",0.5,ROUND(Slate!Q4,4)) -> 0.689 | J3: v3.0
A4: 2026-03-29 | B4: =IF(Slate!B5="","",Slate!B5) -> Texas Rangers | C4: =IF(Slate!C5="","",Slate!C5) -> MacKenzie Gore | D4: =IF(Slate!K5="","",Slate!K5) -> Philadelphia Phillies | E4: =IF(Slate!L5="","",Slate!L5) -> Jesús Luzardo | F4: =IF(Slate!#REF!<>"",ROUND(Slate!#REF!,3),ROUND(Slate!G5,3)) -> #REF! | G4: =IF(Slate!#REF!<>"",ROUND(Slate!#REF!,3),ROUND(Slate!P5,3)) -> #REF! | H4: =IF(Slate!K5="","",ROUND(IF(Slate!#REF!<>"",ROUND(Slate!#REF!,3),ROUND(Slate!G5,3))+IF(Slate!#REF!<>"",ROUND(Slate!#REF!,3),ROUND(Slate!P5,3)),3)) -> #REF! | I4: =IF(Slate!Q5="",0.5,ROUND(Slate!Q5,4)) -> 0.4006 | J4: v3.0
A5: 2026-03-29 | B5: =IF(Slate!B6="","",Slate!B6) -> Kansas City Royals | C5: =IF(Slate!C6="","",Slate!C6) -> Seth Lugo | D5: =IF(Slate!K6="","",Slate!K6) -> Atlanta Braves | E5: =IF(Slate!L6="","",Slate!L6) -> Grant Holmes | F5: =IF(Slate!#REF!<>"",ROUND(Slate!#REF!,3),ROUND(Slate!G6,3)) -> #REF! | G5: =IF(Slate!#REF!<>"",ROUND(Slate!#REF!,3),ROUND(Slate!P6,3)) -> #REF! | H5: =IF(Slate!K6="","",ROUND(IF(Slate!#REF!<>"",ROUND(Slate!#REF!,3),ROUND(Slate!G6,3))+IF(Slate!#REF!<>"",ROUND(Slate!#REF!,3),ROUND(Slate!P6,3)),3)) -> #REF! | I5: =IF(Slate!Q6="",0.5,ROUND(Slate!Q6,4)) -> 0.2547 | J5: v3.0
A6: 2026-03-29 | B6: =IF(Slate!B7="","",Slate!B7) -> Athletics | C6: =IF(Slate!C7="","",Slate!C7) -> Luis Morales | D6: =IF(Slate!K7="","",Slate!K7) -> Toronto Blue Jays | E6: =IF(Slate!L7="","",Slate!L7) -> Eric Lauer | F6: =IF(Slate!#REF!<>"",ROUND(Slate!#REF!,3),ROUND(Slate!G7,3)) -> #REF! | G6: =IF(Slate!#REF!<>"",ROUND(Slate!#REF!,3),ROUND(Slate!P7,3)) -> #REF! | H6: =IF(Slate!K7="","",ROUND(IF(Slate!#REF!<>"",ROUND(Slate!#REF!,3),ROUND(Slate!G7,3))+IF(Slate!#REF!<>"",ROUND(Slate!#REF!,3),ROUND(Slate!P7,3)),3)) -> #REF! | I6: =IF(Slate!Q7="",0.5,ROUND(Slate!Q7,4)) -> 0.422 | J6: v3.0
A7: 2026-03-29 | B7: =IF(Slate!B8="","",Slate!B8) -> Boston Red Sox | C7: =IF(Slate!C8="","",Slate!C8) -> Connelly Early | D7: =IF(Slate!K8="","",Slate!K8) -> Cincinnati Reds | E7: =IF(Slate!L8="","",Slate!L8) -> Rhett Lowder | F7: =IF(Slate!#REF!<>"",ROUND(Slate!#REF!,3),ROUND(Slate!G8,3)) -> #REF! | G7: =IF(Slate!#REF!<>"",ROUND(Slate!#REF!,3),ROUND(Slate!P8,3)) -> #REF! | H7: =IF(Slate!K8="","",ROUND(IF(Slate!#REF!<>"",ROUND(Slate!#REF!,3),ROUND(Slate!G8,3))+IF(Slate!#REF!<>"",ROUND(Slate!#REF!,3),ROUND(Slate!P8,3)),3)) -> #REF! | I7: =IF(Slate!Q8="",0.5,ROUND(Slate!Q8,4)) -> 0.4447 | J7: v3.0
A8: 2026-03-29 | B8: =IF(Slate!B9="","",Slate!B9) -> Pittsburgh Pirates | C8: =IF(Slate!C9="","",Slate!C9) -> Carmen Mlodzinski | D8: =IF(Slate!K9="","",Slate!K9) -> New York Mets | E8: =IF(Slate!L9="","",Slate!L9) -> Nolan McLean | F8: =IF(Slate!#REF!<>"",ROUND(Slate!#REF!,3),ROUND(Slate!G9,3)) -> #REF! | G8: =IF(Slate!#REF!<>"",ROUND(Slate!#REF!,3),ROUND(Slate!P9,3)) -> #REF! | H8: =IF(Slate!K9="","",ROUND(IF(Slate!#REF!<>"",ROUND(Slate!#REF!,3),ROUND(Slate!G9,3))+IF(Slate!#REF!<>"",ROUND(Slate!#REF!,3),ROUND(Slate!P9,3)),3)) -> #REF! | I8: =IF(Slate!Q9="",0.5,ROUND(Slate!Q9,4)) -> 0.2184 | J8: v3.0
A9: 2026-03-29 | B9: =IF(Slate!B10="","",Slate!B10) -> Colorado Rockies | C9: =IF(Slate!C10="","",Slate!C10) -> Jose Quintana | D9: =IF(Slate!K10="","",Slate!K10) -> Miami Marlins | E9: =IF(Slate!L10="","",Slate!L10) -> Max Meyer | F9: =IF(Slate!#REF!<>"",ROUND(Slate!#REF!,3),ROUND(Slate!G10,3)) -> #REF! | G9: =IF(Slate!#REF!<>"",ROUND(Slate!#REF!,3),ROUND(Slate!P10,3)) -> #REF! | H9: =IF(Slate!K10="","",ROUND(IF(Slate!#REF!<>"",ROUND(Slate!#REF!,3),ROUND(Slate!G10,3))+IF(Slate!#REF!<>"",ROUND(Slate!#REF!,3),ROUND(Slate!P10,3)),3)) -> #REF! | I9: =IF(Slate!Q10="",0.5,ROUND(Slate!Q10,4)) -> 0.4682 | J9: v3.0
A10: 2026-03-29 | B10: =IF(Slate!B11="","",Slate!B11) -> Los Angeles Angels | C10: =IF(Slate!C11="","",Slate!C11) -> Jack Kochanowicz | D10: =IF(Slate!K11="","",Slate!K11) -> Houston Astros | E10: =IF(Slate!L11="","",Slate!L11) -> Tatsuya Imai | F10: =IF(Slate!#REF!<>"",ROUND(Slate!#REF!,3),ROUND(Slate!G11,3)) -> #REF! | G10: =IF(Slate!#REF!<>"",ROUND(Slate!#REF!,3),ROUND(Slate!P11,3)) -> #REF! | H10: =IF(Slate!K11="","",ROUND(IF(Slate!#REF!<>"",ROUND(Slate!#REF!,3),ROUND(Slate!G11,3))+IF(Slate!#REF!<>"",ROUND(Slate!#REF!,3),ROUND(Slate!P11,3)),3)) -> #REF! | I10: =IF(Slate!Q11="",0.5,ROUND(Slate!Q11,4)) -> 0.3984 | J10: v3.0
A11: 2026-03-29 | B11: =IF(Slate!B12="","",Slate!B12) -> Chicago White Sox | C11: =IF(Slate!C12="","",Slate!C12) -> Anthony Kay | D11: =IF(Slate!K12="","",Slate!K12) -> Milwaukee Brewers | E11: =IF(Slate!L12="","",Slate!L12) -> Brandon Sproat | F11: =IF(Slate!#REF!<>"",ROUND(Slate!#REF!,3),ROUND(Slate!G12,3)) -> #REF! | G11: =IF(Slate!#REF!<>"",ROUND(Slate!#REF!,3),ROUND(Slate!P12,3)) -> #REF! | H11: =IF(Slate!K12="","",ROUND(IF(Slate!#REF!<>"",ROUND(Slate!#REF!,3),ROUND(Slate!G12,3))+IF(Slate!#REF!<>"",ROUND(Slate!#REF!,3),ROUND(Slate!P12,3)),3)) -> #REF! | I11: =IF(Slate!Q12="",0.5,ROUND(Slate!Q12,4)) -> 0.7101 | J11: v3.0
A12: 2026-03-29 | B12: =IF(Slate!B13="","",Slate!B13) -> Tampa Bay Rays | C12: =IF(Slate!C13="","",Slate!C13) -> Steven Matz | D12: =IF(Slate!K13="","",Slate!K13) -> St. Louis Cardinals | E12: =IF(Slate!L13="","",Slate!L13) -> Dustin May | F12: =IF(Slate!#REF!<>"",ROUND(Slate!#REF!,3),ROUND(Slate!G13,3)) -> #REF! | G12: =IF(Slate!#REF!<>"",ROUND(Slate!#REF!,3),ROUND(Slate!P13,3)) -> #REF! | H12: =IF(Slate!K13="","",ROUND(IF(Slate!#REF!<>"",ROUND(Slate!#REF!,3),ROUND(Slate!G13,3))+IF(Slate!#REF!<>"",ROUND(Slate!#REF!,3),ROUND(Slate!P13,3)),3)) -> #REF! | I12: =IF(Slate!Q13="",0.5,ROUND(Slate!Q13,4)) -> 0.0273 | J12: v3.0
A13: 2026-03-29 | B13: =IF(Slate!B14="","",Slate!B14) -> Washington Nationals | C13: =IF(Slate!C14="","",Slate!C14) -> Jake Irvin | D13: =IF(Slate!K14="","",Slate!K14) -> Chicago Cubs | E13: =IF(Slate!L14="","",Slate!L14) -> Shota Imanaga | F13: =IF(Slate!#REF!<>"",ROUND(Slate!#REF!,3),ROUND(Slate!G14,3)) -> #REF! | G13: =IF(Slate!#REF!<>"",ROUND(Slate!#REF!,3),ROUND(Slate!P14,3)) -> #REF! | H13: =IF(Slate!K14="","",ROUND(IF(Slate!#REF!<>"",ROUND(Slate!#REF!,3),ROUND(Slate!G14,3))+IF(Slate!#REF!<>"",ROUND(Slate!#REF!,3),ROUND(Slate!P14,3)),3)) -> #REF! | I13: =IF(Slate!Q14="",0.5,ROUND(Slate!Q14,4)) -> 0.7584 | J13: v3.0
A14: 2026-03-29 | B14: =IF(Slate!B15="","",Slate!B15) -> Cleveland Guardians | C14: =IF(Slate!C15="","",Slate!C15) -> Slade Cecconi | D14: =IF(Slate!K15="","",Slate!K15) -> Seattle Mariners | E14: =IF(Slate!L15="","",Slate!L15) -> Emerson Hancock | F14: =IF(Slate!#REF!<>"",ROUND(Slate!#REF!,3),ROUND(Slate!G15,3)) -> #REF! | G14: =IF(Slate!#REF!<>"",ROUND(Slate!#REF!,3),ROUND(Slate!P15,3)) -> #REF! | H14: =IF(Slate!K15="","",ROUND(IF(Slate!#REF!<>"",ROUND(Slate!#REF!,3),ROUND(Slate!G15,3))+IF(Slate!#REF!<>"",ROUND(Slate!#REF!,3),ROUND(Slate!P15,3)),3)) -> #REF! | I14: =IF(Slate!Q15="",0.5,ROUND(Slate!Q15,4)) -> 0.5729 | J14: v3.0
... A17: 2026-03-29 | B17: =IF(Slate!B18="","",Slate!B18) | C17: =IF(Slate!C18="","",Slate!C18) | D17: =IF(Slate!K18="","",Slate!K18) | E17: =IF(Slate!L18="","",Slate!L18) | F17: =IF(Slate!#REF!<>"",ROUND(Slate!#REF!,3),ROUND(Slate!G18,3)) -> #REF! | G17: =IF(Slate!#REF!<>"",ROUND(Slate!#REF!,3),ROUND(Slate!P18,3)) -> #REF! | H17: =IF(Slate!K18="","",ROUND(IF(Slate!#REF!<>"",ROUND(Slate!#REF!,3),ROUND(Slate!G18,3))+IF(Slate!#REF!<>"",ROUND(Slate!#REF!,3),ROUND(Slate!P18,3)),3)) | I17: =IF(Slate!Q18="",0.5,ROUND(Slate!Q18,4)) -> 0.5 | J17: v3.0
