Workbook

Sheet Version History
A1: F5 Model v1.0
A2: v1.0
A3: Inputs: Starter xRA + Team offense vs hand
A4: Park factor: excluded
A5: Distribution: Poisson
A6: Win% derived from λ_home / λ_away

Sheet Dashboard
B1: =Bets!D1 -> 0 | C1: =Bets!E1 -> W | D1: =Bets!F1 -> L | E1: =Bets!G1 -> P | L1: =Bets!H1 -> Units P/L | M1: =Bets!I1 -> CLV | N1: =Bets!I1 -> CLV | P1: =Bets!J1 -> Edge | R1: =Bets!K1 -> Yield | S1: =Bets!L1 -> ROI | T1: Pinnacle | U1: =SUMIFS(Bets!$L$10:$L$979, Bets!$A$10:$A$979, T1, Bets!$B$10:$B$979,$B$3) -> 8.0814274 | X1: =Bets!M1 -> BTL | Z1: =Bets!N1 -> xBTL | AA1: =Bets!P1 -> Number of Bets | AB1: =Bets!R1 -> 334
B2: Total | C2: =C4+C3 -> 168 | D2: =D4+D3 -> 151 | E2: =E4+E3 -> 44 | L2: =L4+L3 -> 22.709303 | M2: =AVERAGE(M3:M4) -> 0.004531267 | P2: =AVERAGE(P3:P4) -> 0.10042535 | R2: =AVERAGE(R3:R4) -> 0.065339193 | T2: BOL | U2: =SUMIFS(Bets!$L$10:$L$979, Bets!$A$10:$A$979, T2, Bets!$B$10:$B$979,$B$3) -> 12.721985 | X2: =Bets!M2 -> 0.56298201 | Z2: =Bets!N2 -> 0.99673203 | AA2: =Bets!P2 -> Yield | AB2: =Bets!R2 -> 0.062133431
B3: =Bets!D3 -> 1st 5 ML | C3: =Bets!E3 -> 150 | D3: =Bets!F3 -> 140 | E3: =Bets!G3 -> 44 | L3: =Bets!H3 -> 20.721499 | M3: =Bets!I3 -> 0.010763363 | N3: =Bets!I3 -> 0.010763363 | P3: =Bets!J3 -> 0.1089083 | R3: =Bets!K3 -> 0.062133431 | S3: =Bets!L3 -> 0.20721499 | T3: BetMGM | U3: =SUMIFS(Bets!$L$10:$L$979, Bets!$A$10:$A$979, T3, Bets!$B$10:$B$979,$B$3) -> -2.8600335 | X3: =Bets!M3 -> 0.58682635 | Z3: =Bets!N3 -> 0.99638989 | AA3: =Bets!P3 -> Average Odds | AB3: =Bets!R3 -> 2.1795369
B4: =Bets!D4 -> 1st 5 RL | C4: =Bets!E4 -> 18 | D4: =Bets!F4 -> 11 | E4: =Bets!G4 -> 0 | L4: =Bets!H4 -> 1.9878037 | M4: =Bets!I4 -> -0.0017008293 | N4: . | P4: =Bets!J4 -> 0.091942412 | R4: =Bets!K4 -> 0.068544955 | S4: =Bets!L4 -> 0.019878037 | T4: BetRivers | U4: =SUMIFS(Bets!$L$10:$L$979, Bets!$A$10:$A$979, T4, Bets!$B$10:$B$979,$B$3) -> 3.9905015 | X4: =Bets!M4 -> 0.48275862 | AA4: =Bets!P4 -> Standard Deviation | AB4: =Bets!R4 -> 0.92814165
B5: Winrate | C5: =C3/(C3+D3) -> 0.51724138 | D5: =Bets!F5 -> 14 | E5: =Bets!G5 -> 3 | T5: DraftKings | U5: =SUMIFS(Bets!$L$10:$L$979, Bets!$A$10:$A$979, T5, Bets!$B$10:$B$979,$B$3) -> -2.1666667 | AA5: =Bets!P5 -> t-statistic | AB5: =Bets!R5 -> 1.2234446
B6: =Bets!D6 -> 0 | C6: =Bets!E6 -> 0 | D6: =Bets!F6 -> 0 | E6: ML | F6: RL | T6: FanDuel | U6: =SUMIFS(Bets!$L$10:$L$979, Bets!$A$10:$A$979, T6, Bets!$B$10:$B$979,$B$3) -> 0.95428571 | AA6: =Bets!P6 -> p-value | AB6: =Bets!R6 -> 0.22202684
B7: Date: | C7: =TODAY() -> 46109 | D7: Min Edge | E7: 1 | F7: 2 | T7: Sum | U7: =SUM(U1:U6) -> 20.721499 | AA7: =Bets!P7 -> 1-in-x probability | AB7: =Bets!R7 -> 4.50396
B8: Game Info | I8: My Projections | O8: Bookmaker | U8: Results | X8: Bets To Place | Y8: Bets To Place | Z8: Minimum Odds
B9: Game | C9: Teams | D9: Starting Pitcher | E9: Thr | F9: Pitcher Rank | G9: IP | H9: xR | I9: ML xW% | J9: ML Odds | K9: Sp +0.5 xW% | L9: Sp +0.5 Odds | M9: Sp -0.5 xW% | N9: Sp -0.5 Odds | O9: Book ML xW% | P9: ML Best Odds | Q9: Sp +0.5 xW% | R9: Sp +0.5 Odds | S9: Sp -0.5 xW% | T9: Sp -0.5 Odds | U9: ML Adj Kelly | V9: Sp Adj Kelly +0.5 | W9: Sp Adj Kelly -0.5 | X9: F5 Moneyline | Y9: F5 Spread | Z9: F5 Moneyline | AA9: F5 Spread +0.5 | AB9: F5 Spread -0.5
B10: 1 | C10: =IFERROR(_xlfn.XLOOKUP('First 5 Innings'!D5,Validations!$E$2:$E$31,Validations!$H$2:$H$31),"") -> Tampa Bay Rays | D10: =IFERROR('First 5 Innings'!B5,"") -> Joe Boyle | E10: ='First 5 Innings'!C5 -> R | F10: {=IFERROR(_xlfn.XLOOKUP(D10,'Starting Pitchers'!$B$4:$B1007,'Starting Pitchers'!$Z$4:$Z1007),"")} -> 153 | G10: {=IFERROR(_xlfn.XLOOKUP(D10,'Starting Pitchers'!$B$4:$B1007,'Starting Pitchers'!#REF!),"")} | H10: =IF('First 5 Innings'!G5=0,"",'First 5 Innings'!G5) -> 2.0592548 | I10: =IF(C10="","", 'First 5 Innings'!H5) -> 0.40830187 | J10: =IF(C10="","", _xlfn.LET( _xlpm.prob, 'First 5 Innings'!H5, _xlpm.dec, 1 / _xlpm.prob, IF(ABS(_xlpm.prob - 0.5) < 0.0001, 100, IF(_xlpm.dec >= 2, ROUND((_xlpm.dec - 1) * 100, 0), ROUND(-100 / (_xlpm.dec - 1), 0) ) ) )) -> 145 | K10: =IFERROR('First 5 Innings'!AH5,"") -> 0.49997682 | L10: =IFERROR( _xlfn.LET( _xlpm.prob, K10, _xlpm.dec, 1 / _xlpm.prob, IF(ABS(_xlpm.prob - 0.5) < 0.0001, 100, IF(_xlpm.dec >= 2, ROUND((_xlpm.dec - 1) * 100, 0), ROUND(-100 / (_xlpm.dec - 1), 0) ) ) ), "") -> 100 | M10: =IFERROR('First 5 Innings'!AI5,"") -> 0.31384222 | N10: =IFERROR(N7 _xlfn.LET( _xlpm.prob, M10, _xlpm.dec, 1 /_xlfn.SINGLE( _xlpm.prob), IF(ABS(_xlfn.SINGLE(_xlpm.prob) - 0.5) < 0.0001, 100, IF(_xlfn.SINGLE(_xlpm.dec) >= 2, ROUND((_xlfn.SINGLE(_xlpm.dec) - 1) * 100, 0), ROUND(-100 / (_xlfn.SINGLE(_xlpm.dec) - 1), 0) ) ) ), "") | O10: ='First 5 Innings'!S5 -> 0 | P10: =IFERROR( _xlfn.LET( _xlpm.prob, 'First 5 Innings'!S5, _xlpm.dec, 1 / _xlpm.prob, IF(ABS(_xlpm.prob - 0.5) < 0.0001, 100, IF(_xlpm.dec >= 2, ROUND((_xlpm.dec - 1) * 100, 0), ROUND(-100 / (_xlpm.dec - 1), 0) ) ) ), "") | Q10: =IFERROR(1/'First 5 Innings'!AD5,"") | R10: =IFERROR( _xludf.LET( prob, Q10, dec, 1 / prob, IF(ABS(prob - 0.5) < 0.0001, 100, IF(dec >= 2, ROUND((dec - 1) * 100, 0), ROUND(-100 / (dec - 1), 0) ) ) ), "") | S10: =IFERROR(1/'First 5 Innings'!AE5,"") | T10: =IFERROR( _xludf.LET( prob, S10, dec, 1 / prob, IF(ABS(prob - 0.5) < 0.0001, 100, IF(dec >= 2, ROUND((dec - 1) * 100, 0), ROUND(-100 / (dec - 1), 0) ) ) ), "") | U10: =IF(C10="","", 'First 5 Innings'!T5) -> 10 | V10: =IF(C10="","", 'First 5 Innings'!AJ5) -> 10 | W10: =IF(C10="","", 'First 5 Innings'!AK5) -> 10 | X10: =IF( OR(D10="Average", D10="", D11=""), "", IF(AND(U10 >= $E$7, U10 <= 9.99), C10 & " f5 " & ROUND(P10, 0) & " " & 'First 5 Innings'!Q5, "" ) ) | Y10: {=IF( OR(D10="Average", D10="", D11=""), "", _xludf.TEXTJOIN(CHAR(10), TRUE, IF(AND(V10 >= $F$7, V10 <= 9.99), _xludf.XLOOKUP('First 5 Innings'!D5, Validations!$E$2:$E$31, Validations!$H$2:$H$31) & " " & 'First 5 Innings'!$AJ$4 & " " & IF('First 5 Innings'!AD5 >= 2, ROUND(('First 5 Innings'!AD5 - 1) * 100, 0), ROUND(-100 / ('First 5 Innings'!AD5 - 1), 0) ) & " " & 'First 5 Innings'!AL5, "" ), IF(AND(W10 >= $F$7, W10 <= 9.99), _xludf.XLOOKUP('First 5 Innings'!D5, Validations!$E$2:$E$31, Validations!$H$2:$H$31) & " " & 'First 5 Innings'!$AK$4 & " " & IF('First 5 Innings'!AE5 >= 2, ROUND(('First 5 Innings'!AE5 - 1) * 100, 0), ROUND(-100 / ('First 5 Innings'!AE5 - 1), 0) ) & " " & 'First 5 Innings'!AM5, "" ) ) )} -> #NAME? | Z10: =IF('First 5 Innings'!W5<2, -100/('First 5 Innings'!W5-1), ('First 5 Innings'!W5-1)*100) -> 191.92168 | AA10: =IF('First 5 Innings'!AN5<2, -100/('First 5 Innings'!AN5-1), ('First 5 Innings'!AN5-1)*100) -> 100.01159 | AB10: =IF('First 5 Innings'!AO5<2, -100/('First 5 Innings'!AO5-1), ('First 5 Innings'!AO5-1)*100) -> 320.87105
C11: =IFERROR(_xlfn.XLOOKUP('First 5 Innings'!D6,Validations!$E$2:$E$31,Validations!$H$2:$H$31),"") -> St. Louis Cardinals | D11: =IFERROR('First 5 Innings'!B6,"") -> Michael McGreevy | E11: ='First 5 Innings'!C6 -> R | F11: {=IFERROR(_xlfn.XLOOKUP(D11,'Starting Pitchers'!$B$4:$B1007,'Starting Pitchers'!$Z$4:$Z1007),"")} -> 96 | G11: {=IFERROR(_xludf.XLOOKUP(D11,'Starting Pitchers'!$B$4:$B1007,'Starting Pitchers'!#REF!),"")} | H11: =IF('First 5 Innings'!G6=0,"",'First 5 Innings'!G6) -> 2.5805189 | I11: =IF(C11="","", 'First 5 Innings'!H6) -> 0.59169813 | J11: =IF(C11="","", _xlfn.LET( _xlpm.prob, 'First 5 Innings'!H6, _xlpm.dec, 1 / _xlpm.prob, IF(ABS(_xlpm.prob - 0.5) < 0.0001, 100, IF(_xlpm.dec >= 2, ROUND((_xlpm.dec - 1) * 100, 0), ROUND(-100 / (_xlpm.dec - 1), 0) ) ) )) -> -145 | K11: =IFERROR('First 5 Innings'!AH6,"") -> 0.68615778 | L11: =IFERROR( _xlfn.LET( _xlpm.prob, K11, _xlpm.dec, 1 / _xlpm.prob, IF(ABS(_xlpm.prob - 0.5) < 0.0001, 100, IF(_xlpm.dec >= 2, ROUND((_xlpm.dec - 1) * 100, 0), ROUND(-100 / (_xlpm.dec - 1), 0) ) ) ), "") -> -219 | M11: =IFERROR('First 5 Innings'!AI6,"") -> 0.50002318 | N11: =IFERROR( _xludf.LET( prob, M11, dec, 1 / prob, IF(ABS(prob - 0.5) < 0.0001, 100, IF(dec >= 2, ROUND((dec - 1) * 100, 0), ROUND(-100 / (dec - 1), 0) ) ) ), "") | O11: ='First 5 Innings'!S6 -> 0 | P11: =IFERROR( _xlfn.LET( _xlpm.prob, 'First 5 Innings'!S6, _xlpm.dec, 1 / _xlpm.prob, IF(ABS(_xlpm.prob - 0.5) < 0.0001, 100, IF(_xlpm.dec >= 2, ROUND((_xlpm.dec - 1) * 100, 0), ROUND(-100 / (_xlpm.dec - 1), 0) ) ) ), "") | Q11: =IFERROR(1/'First 5 Innings'!AD6,"") | R11: =IFERROR( _xludf.LET( prob, Q11, dec, 1 / prob, IF(ABS(prob - 0.5) < 0.0001, 100, IF(dec >= 2, ROUND((dec - 1) * 100, 0), ROUND(-100 / (dec - 1), 0) ) ) ), "") | S11: =IFERROR(1/'First 5 Innings'!AE6,"") | T11: =IFERROR( _xludf.LET( prob, S11, dec, 1 / prob, IF(ABS(prob - 0.5) < 0.0001, 100, IF(dec >= 2, ROUND((dec - 1) * 100, 0), ROUND(-100 / (dec - 1), 0) ) ) ), "") | U11: =IF(C11="","", 'First 5 Innings'!T6) -> 10 | V11: =IF(C11="","", 'First 5 Innings'!AJ6) -> 10 | W11: =IF(C11="","", 'First 5 Innings'!AK6) -> 10 | X11: =IF( OR(D11="Average", D11="", D12=""), "", IF(AND(U11 >= $E$7, U11 <= 9.99), C11 & " f5 " & ROUND(P11, 0) & " " & 'First 5 Innings'!Q6, "" ) ) | Y11: {=IF( OR(D11="Average", D11="", D12=""), "", _xludf.TEXTJOIN(CHAR(10), TRUE, IF(AND(V11 >= $F$7, V11 <= 9.99), _xludf.XLOOKUP('First 5 Innings'!D6, Validations!$E$2:$E$31, Validations!$H$2:$H$31) & " " & 'First 5 Innings'!$AJ$4 & " " & IF('First 5 Innings'!AD6 >= 2, ROUND(('First 5 Innings'!AD6 - 1) * 100, 0), ROUND(-100 / ('First 5 Innings'!AD6 - 1), 0) ) & " " & 'First 5 Innings'!AL6, "" ), IF(AND(W11 >= $F$7, W11 <= 9.99), _xludf.XLOOKUP('First 5 Innings'!D6, Validations!$E$2:$E$31, Validations!$H$2:$H$31) & " " & 'First 5 Innings'!$AK$4 & " " & IF('First 5 Innings'!AE6 >= 2, ROUND(('First 5 Innings'!AE6 - 1) * 100, 0), ROUND(-100 / ('First 5 Innings'!AE6 - 1), 0) ) & " " & 'First 5 Innings'!AM6, "" ) ) )} -> #NAME? | Z11: =IF('First 5 Innings'!W6<2, -100/('First 5 Innings'!W6-1), ('First 5 Innings'!W6-1)*100) -> -120.42515 | AA11: =IF('First 5 Innings'!AN6<2, -100/('First 5 Innings'!AN6-1), ('First 5 Innings'!AN6-1)*100) -> -274.1076 | AB11: =IF('First 5 Innings'!AO6<2, -100/('First 5 Innings'!AO6-1), ('First 5 Innings'!AO6-1)*100) -> 124.98696
B12: 2 | C12: =IFERROR(_xlfn.XLOOKUP('First 5 Innings'!D7,Validations!$E$2:$E$31,Validations!$H$2:$H$31),"") -> Washington Nationals | D12: =IFERROR('First 5 Innings'!B7,"") -> Miles Mikolas | E12: ='First 5 Innings'!C7 -> R | F12: {=IFERROR(_xlfn.XLOOKUP(D12,'Starting Pitchers'!$B$4:$B1007,'Starting Pitchers'!$Z$4:$Z1007),"")} -> 132 | G12: {=IFERROR(_xludf.XLOOKUP(D12,'Starting Pitchers'!$B$4:$B1007,'Starting Pitchers'!#REF!),"")} | H12: =IF('First 5 Innings'!G7=0,"",'First 5 Innings'!G7) -> 1.2815109 | I12: =IF(C12="","", 'First 5 Innings'!H7) -> 0.66310086 | J12: =IF(C12="","", _xlfn.LET( _xlpm.prob, 'First 5 Innings'!H7, _xlpm.dec, 1 / _xlpm.prob, IF(ABS(_xlpm.prob - 0.5) < 0.0001, 100, IF(_xlpm.dec >= 2, ROUND((_xlpm.dec - 1) * 100, 0), ROUND(-100 / (_xlpm.dec - 1), 0) ) ) )) -> -197 | K12: =IFERROR('First 5 Innings'!AH7,"") -> 0.7746757 | L12: =IFERROR( _xlfn.LET( _xlpm.prob, K12, _xlpm.dec, 1 / _xlpm.prob, IF(ABS(_xlpm.prob - 0.5) < 0.0001, 100, IF(_xlpm.dec >= 2, ROUND((_xlpm.dec - 1) * 100, 0), ROUND(-100 / (_xlpm.dec - 1), 0) ) ) ), "") -> -344 | M12: =IFERROR('First 5 Innings'!AI7,"") -> 0.48449763 | N12: =IFERROR( _xludf.LET( prob, M12, dec, 1 / prob, IF(ABS(prob - 0.5) < 0.0001, 100, IF(dec >= 2, ROUND((dec - 1) * 100, 0), ROUND(-100 / (dec - 1), 0) ) ) ), "") | O12: ='First 5 Innings'!S7 -> 0 | P12: =IFERROR( _xlfn.LET( _xlpm.prob, 'First 5 Innings'!S7, _xlpm.dec, 1 / _xlpm.prob, IF(ABS(_xlpm.prob - 0.5) < 0.0001, 100, IF(_xlpm.dec >= 2, ROUND((_xlpm.dec - 1) * 100, 0), ROUND(-100 / (_xlpm.dec - 1), 0) ) ) ), "") | Q12: =IFERROR(1/'First 5 Innings'!AD7,"") | R12: =IFERROR( _xludf.LET( prob, Q12, dec, 1 / prob, IF(ABS(prob - 0.5) < 0.0001, 100, IF(dec >= 2, ROUND((dec - 1) * 100, 0), ROUND(-100 / (dec - 1), 0) ) ) ), "") | S12: =IFERROR(1/'First 5 Innings'!AE7,"") | T12: =IFERROR( _xludf.LET( prob, S12, dec, 1 / prob, IF(ABS(prob - 0.5) < 0.0001, 100, IF(dec >= 2, ROUND((dec - 1) * 100, 0), ROUND(-100 / (dec - 1), 0) ) ) ), "") | U12: =IF(C12="","", 'First 5 Innings'!T7) -> 10 | V12: =IF(C12="","", 'First 5 Innings'!AJ7) -> 10 | W12: =IF(C12="","", 'First 5 Innings'!AK7) -> 10 | X12: =IF( OR(D12="Average", D12="", D13=""), "", IF(AND(U12 >= $E$7, U12 <= 9.99), C12 & " f5 " & ROUND(P12, 0) & " " & 'First 5 Innings'!Q7, "" ) ) | Y12: {=IF( OR(D12="Average", D12="", D13=""), "", _xludf.TEXTJOIN(CHAR(10), TRUE, IF(AND(V12 >= $F$7, V12 <= 9.99), _xludf.XLOOKUP('First 5 Innings'!D7, Validations!$E$2:$E$31, Validations!$H$2:$H$31) & " " & 'First 5 Innings'!$AJ$4 & " " & IF('First 5 Innings'!AD7 >= 2, ROUND(('First 5 Innings'!AD7 - 1) * 100, 0), ROUND(-100 / ('First 5 Innings'!AD7 - 1), 0) ) & " " & 'First 5 Innings'!AL7, "" ), IF(AND(W12 >= $F$7, W12 <= 9.99), _xludf.XLOOKUP('First 5 Innings'!D7, Validations!$E$2:$E$31, Validations!$H$2:$H$31) & " " & 'First 5 Innings'!$AK$4 & " " & IF('First 5 Innings'!AE7 >= 2, ROUND(('First 5 Innings'!AE7 - 1) * 100, 0), ROUND(-100 / ('First 5 Innings'!AE7 - 1), 0) ) & " " & 'First 5 Innings'!AM7, "" ) ) )} -> #NAME? | Z12: =IF('First 5 Innings'!W7<2, -100/('First 5 Innings'!W7-1), ('First 5 Innings'!W7-1)*100) -> -167.14226 | AA12: =IF('First 5 Innings'!AN7<2, -100/('First 5 Innings'!AN7-1), ('First 5 Innings'!AN7-1)*100) -> -538.3439 | AB12: =IF('First 5 Innings'!AO7<2, -100/('First 5 Innings'!AO7-1), ('First 5 Innings'!AO7-1)*100) -> 134.07166
C13: =IFERROR(_xlfn.XLOOKUP('First 5 Innings'!D8,Validations!$E$2:$E$31,Validations!$H$2:$H$31),"") -> Chicago Cubs | D13: =IFERROR('First 5 Innings'!B8,"") -> Cade Horton | E13: ='First 5 Innings'!C8 -> R | F13: {=IFERROR(_xlfn.XLOOKUP(D13,'Starting Pitchers'!$B$4:$B1007,'Starting Pitchers'!$Z$4:$Z1007),"")} -> 2 | G13: {=IFERROR(_xludf.XLOOKUP(D13,'Starting Pitchers'!$B$4:$B1007,'Starting Pitchers'!#REF!),"")} | H13: =IF('First 5 Innings'!G8=0,"",'First 5 Innings'!G8) -> 0.77474742 | I13: =IF(C13="","", 'First 5 Innings'!H8) -> 0.33689914 | J13: =IF(C13="","", _xlfn.LET( _xlpm.prob, 'First 5 Innings'!H8, _xlpm.dec, 1 / _xlpm.prob, IF(ABS(_xlpm.prob - 0.5) < 0.0001, 100, IF(_xlpm.dec >= 2, ROUND((_xlpm.dec - 1) * 100, 0), ROUND(-100 / (_xlpm.dec - 1), 0) ) ) )) -> 197 | K13: =IFERROR('First 5 Innings'!AH8,"") -> 0.51550237 | L13: =IFERROR( _xlfn.LET( _xlpm.prob, K13, _xlpm.dec, 1 / _xlpm.prob, IF(ABS(_xlpm.prob - 0.5) < 0.0001, 100, IF(_xlpm.dec >= 2, ROUND((_xlpm.dec - 1) * 100, 0), ROUND(-100 / (_xlpm.dec - 1), 0) ) ) ), "") -> -106 | M13: =IFERROR('First 5 Innings'!AI8,"") -> 0.2253243 | N13: =IFERROR( _xludf.LET( prob, M13, dec, 1 / prob, IF(ABS(prob - 0.5) < 0.0001, 100, IF(dec >= 2, ROUND((dec - 1) * 100, 0), ROUND(-100 / (dec - 1), 0) ) ) ), "") | O13: ='First 5 Innings'!S8 -> 0 | P13: =IFERROR( _xlfn.LET( _xlpm.prob, 'First 5 Innings'!S8, _xlpm.dec, 1 / _xlpm.prob, IF(ABS(_xlpm.prob - 0.5) < 0.0001, 100, IF(_xlpm.dec >= 2, ROUND((_xlpm.dec - 1) * 100, 0), ROUND(-100 / (_xlpm.dec - 1), 0) ) ) ), "") | Q13: =IFERROR(1/'First 5 Innings'!AD8,"") | R13: =IFERROR( _xludf.LET( prob, Q13, dec, 1 / prob, IF(ABS(prob - 0.5) < 0.0001, 100, IF(dec >= 2, ROUND((dec - 1) * 100, 0), ROUND(-100 / (dec - 1), 0) ) ) ), "") | S13: =IFERROR(1/'First 5 Innings'!AE8,"") | T13: =IFERROR( _xludf.LET( prob, S13, dec, 1 / prob, IF(ABS(prob - 0.5) < 0.0001, 100, IF(dec >= 2, ROUND((dec - 1) * 100, 0), ROUND(-100 / (dec - 1), 0) ) ) ), "") | U13: =IF(C13="","", 'First 5 Innings'!T8) -> 10 | V13: =IF(C13="","", 'First 5 Innings'!AJ8) -> 10 | W13: =IF(C13="","", 'First 5 Innings'!AK8) -> 10 | X13: =IF( OR(D13="Average", D13="", D14=""), "", IF(AND(U13 >= $E$7, U13 <= 9.99), C13 & " f5 " & ROUND(P13, 0) & " " & 'First 5 Innings'!Q8, "" ) ) | Y13: {=IF( OR(D13="Average", D13="", D14=""), "", _xludf.TEXTJOIN(CHAR(10), TRUE, IF(AND(V13 >= $F$7, V13 <= 9.99), _xludf.XLOOKUP('First 5 Innings'!D8, Validations!$E$2:$E$31, Validations!$H$2:$H$31) & " " & 'First 5 Innings'!$AJ$4 & " " & IF('First 5 Innings'!AD8 >= 2, ROUND(('First 5 Innings'!AD8 - 1) * 100, 0), ROUND(-100 / ('First 5 Innings'!AD8 - 1), 0) ) & " " & 'First 5 Innings'!AL8, "" ), IF(AND(W13 >= $F$7, W13 <= 9.99), _xludf.XLOOKUP('First 5 Innings'!D8, Validations!$E$2:$E$31, Validations!$H$2:$H$31) & " " & 'First 5 Innings'!$AK$4 & " " & IF('First 5 Innings'!AE8 >= 2, ROUND(('First 5 Innings'!AE8 - 1) * 100, 0), ROUND(-100 / ('First 5 Innings'!AE8 - 1), 0) ) & " " & 'First 5 Innings'!AM8, "" ) ) )} -> #NAME? | Z13: =IF('First 5 Innings'!W8<2, -100/('First 5 Innings'!W8-1), ('First 5 Innings'!W8-1)*100) -> 279.90851 | AA13: =IF('First 5 Innings'!AN8<2, -100/('First 5 Innings'!AN8-1), ('First 5 Innings'!AN8-1)*100) -> -108.0637 | AB13: =IF('First 5 Innings'!AO8<2, -100/('First 5 Innings'!AO8-1), ('First 5 Innings'!AO8-1)*100) -> 618.13689
B14: 3 | C14: =IFERROR(_xlfn.XLOOKUP('First 5 Innings'!D9,Validations!$E$2:$E$31,Validations!$H$2:$H$31),"") -> Oakland Athletics | D14: =IFERROR('First 5 Innings'!B9,"") -> Jeffrey Springs | E14: ='First 5 Innings'!C9 -> L | F14: {=IFERROR(_xlfn.XLOOKUP(D14,'Starting Pitchers'!$B$4:$B1007,'Starting Pitchers'!$Z$4:$Z1007),"")} -> 107 | G14: {=IFERROR(_xludf.XLOOKUP(D14,'Starting Pitchers'!$B$4:$B1007,'Starting Pitchers'!#REF!),"")} | H14: =IF('First 5 Innings'!G9=0,"",'First 5 Innings'!G9) -> 2.781908 | I14: =IF(C14="","", 'First 5 Innings'!H9) -> 0.5008202 | J14: =IF(C14="","", _xlfn.LET( _xlpm.prob, 'First 5 Innings'!H9, _xlpm.dec, 1 / _xlpm.prob, IF(ABS(_xlpm.prob - 0.5) < 0.0001, 100, IF(_xlpm.dec >= 2, ROUND((_xlpm.dec - 1) * 100, 0), ROUND(-100 / (_xlpm.dec - 1), 0) ) ) )) -> -100 | K14: =IFERROR('First 5 Innings'!AH9,"") -> 0.58763067 | L14: =IFERROR( _xlfn.LET( _xlpm.prob, K14, _xlpm.dec, 1 / _xlpm.prob, IF(ABS(_xlpm.prob - 0.5) < 0.0001, 100, IF(_xlpm.dec >= 2, ROUND((_xlpm.dec - 1) * 100, 0), ROUND(-100 / (_xlpm.dec - 1), 0) ) ) ), "") -> -143 | M14: =IFERROR('First 5 Innings'!AI9,"") -> 0.41412144 | N14: =IFERROR( _xludf.LET( prob, M14, dec, 1 / prob, IF(ABS(prob - 0.5) < 0.0001, 100, IF(dec >= 2, ROUND((dec - 1) * 100, 0), ROUND(-100 / (dec - 1), 0) ) ) ), "") | O14: ='First 5 Innings'!S9 -> 0 | P14: =IFERROR( _xlfn.LET( _xlpm.prob, 'First 5 Innings'!S9, _xlpm.dec, 1 / _xlpm.prob, IF(ABS(_xlpm.prob - 0.5) < 0.0001, 100, IF(_xlpm.dec >= 2, ROUND((_xlpm.dec - 1) * 100, 0), ROUND(-100 / (_xlpm.dec - 1), 0) ) ) ), "") | Q14: =IFERROR(1/'First 5 Innings'!AD9,"") | R14: =IFERROR( _xludf.LET( prob, Q14, dec, 1 / prob, IF(ABS(prob - 0.5) < 0.0001, 100, IF(dec >= 2, ROUND((dec - 1) * 100, 0), ROUND(-100 / (dec - 1), 0) ) ) ), "") | S14: =IFERROR(1/'First 5 Innings'!AE9,"") | T14: =IFERROR( _xludf.LET( prob, S14, dec, 1 / prob, IF(ABS(prob - 0.5) < 0.0001, 100, IF(dec >= 2, ROUND((dec - 1) * 100, 0), ROUND(-100 / (dec - 1), 0) ) ) ), "") | U14: =IF(C14="","", 'First 5 Innings'!T9) -> 10 | V14: =IF(C14="","", 'First 5 Innings'!AJ9) -> 10 | W14: =IF(C14="","", 'First 5 Innings'!AK9) -> 10 | X14: =IF( OR(D14="Average", D14="", D15=""), "", IF(AND(U14 >= $E$7, U14 <= 9.99), C14 & " f5 " & ROUND(P14, 0) & " " & 'First 5 Innings'!Q9, "" ) ) | Y14: {=IF( OR(D14="Average", D14="", D15=""), "", _xludf.TEXTJOIN(CHAR(10), TRUE, IF(AND(V14 >= $F$7, V14 <= 9.99), _xludf.XLOOKUP('First 5 Innings'!D9, Validations!$E$2:$E$31, Validations!$H$2:$H$31) & " " & 'First 5 Innings'!$AJ$4 & " " & IF('First 5 Innings'!AD9 >= 2, ROUND(('First 5 Innings'!AD9 - 1) * 100, 0), ROUND(-100 / ('First 5 Innings'!AD9 - 1), 0) ) & " " & 'First 5 Innings'!AL9, "" ), IF(AND(W14 >= $F$7, W14 <= 9.99), _xludf.XLOOKUP('First 5 Innings'!D9, Validations!$E$2:$E$31, Validations!$H$2:$H$31) & " " & 'First 5 Innings'!$AK$4 & " " & IF('First 5 Innings'!AE9 >= 2, ROUND(('First 5 Innings'!AE9 - 1) * 100, 0), ROUND(-100 / ('First 5 Innings'!AE9 - 1), 0) ) & " " & 'First 5 Innings'!AM9, "" ) ) )} -> #NAME? | Z14: =IF('First 5 Innings'!W9<2, -100/('First 5 Innings'!W9-1), ('First 5 Innings'!W9-1)*100) -> 124.53958 | AA14: =IF('First 5 Innings'!AN9<2, -100/('First 5 Innings'!AN9-1), ('First 5 Innings'!AN9-1)*100) -> -156.10709 | AB14: =IF('First 5 Innings'!AO9<2, -100/('First 5 Innings'!AO9-1), ('First 5 Innings'!AO9-1)*100) -> 186.5134
C15: =IFERROR(_xlfn.XLOOKUP('First 5 Innings'!D10,Validations!$E$2:$E$31,Validations!$H$2:$H$31),"") -> Toronto Blue Jays | D15: =IFERROR('First 5 Innings'!B10,"") -> Dylan Cease | E15: ='First 5 Innings'!C10 -> R | F15: {=IFERROR(_xlfn.XLOOKUP(D15,'Starting Pitchers'!$B$4:$B1007,'Starting Pitchers'!$Z$4:$Z1007),"")} -> 85 | G15: {=IFERROR(_xludf.XLOOKUP(D15,'Starting Pitchers'!$B$4:$B1007,'Starting Pitchers'!#REF!),"")} | H15: =IF('First 5 Innings'!G10=0,"",'First 5 Innings'!G10) -> 2.7766069 | I15: =IF(C15="","", 'First 5 Innings'!H10) -> 0.4991798 | J15: =IF(C15="","", _xlfn.LET( _xlpm.prob, 'First 5 Innings'!H10, _xlpm.dec, 1 / _xlpm.prob, IF(ABS(_xlpm.prob - 0.5) < 0.0001, 100, IF(_xlpm.dec >= 2, ROUND((_xlpm.dec - 1) * 100, 0), ROUND(-100 / (_xlpm.dec - 1), 0) ) ) )) -> 100 | K15: =IFERROR('First 5 Innings'!AH10,"") -> 0.58587856 | L15: =IFERROR( _xlfn.LET( _xlpm.prob, K15, _xlpm.dec, 1 / _xlpm.prob, IF(ABS(_xlpm.prob - 0.5) < 0.0001, 100, IF(_xlpm.dec >= 2, ROUND((_xlpm.dec - 1) * 100, 0), ROUND(-100 / (_xlpm.dec - 1), 0) ) ) ), "") -> -141 | M15: =IFERROR('First 5 Innings'!AI10,"") -> 0.41236933 | N15: =IFERROR( _xludf.LET( prob, M15, dec, 1 / prob, IF(ABS(prob - 0.5) < 0.0001, 100, IF(dec >= 2, ROUND((dec - 1) * 100, 0), ROUND(-100 / (dec - 1), 0) ) ) ), "") | O15: ='First 5 Innings'!S10 -> 0 | P15: =IFERROR( _xlfn.LET( _xlpm.prob, 'First 5 Innings'!S10, _xlpm.dec, 1 / _xlpm.prob, IF(ABS(_xlpm.prob - 0.5) < 0.0001, 100, IF(_xlpm.dec >= 2, ROUND((_xlpm.dec - 1) * 100, 0), ROUND(-100 / (_xlpm.dec - 1), 0) ) ) ), "") | Q15: =IFERROR(1/'First 5 Innings'!AD10,"") | R15: =IFERROR( _xludf.LET( prob, Q15, dec, 1 / prob, IF(ABS(prob - 0.5) < 0.0001, 100, IF(dec >= 2, ROUND((dec - 1) * 100, 0), ROUND(-100 / (dec - 1), 0) ) ) ), "") | S15: =IFERROR(1/'First 5 Innings'!AE10,"") | T15: =IFERROR( _xludf.LET( prob, S15, dec, 1 / prob, IF(ABS(prob - 0.5) < 0.0001, 100, IF(dec >= 2, ROUND((dec - 1) * 100, 0), ROUND(-100 / (dec - 1), 0) ) ) ), "") | U15: =IF(C15="","", 'First 5 Innings'!T10) -> 10 | V15: =IF(C15="","", 'First 5 Innings'!AJ10) -> 10 | W15: =IF(C15="","", 'First 5 Innings'!AK10) -> 10 | X15: =IF( OR(D15="Average", D15="", D16=""), "", IF(AND(U15 >= $E$7, U15 <= 9.99), C15 & " f5 " & ROUND(P15, 0) & " " & 'First 5 Innings'!Q10, "" ) ) | Y15: {=IF( OR(D15="Average", D15="", D16=""), "", _xludf.TEXTJOIN(CHAR(10), TRUE, IF(AND(V15 >= $F$7, V15 <= 9.99), _xludf.XLOOKUP('First 5 Innings'!D10, Validations!$E$2:$E$31, Validations!$H$2:$H$31) & " " & 'First 5 Innings'!$AJ$4 & " " & IF('First 5 Innings'!AD10 >= 2, ROUND(('First 5 Innings'!AD10 - 1) * 100, 0), ROUND(-100 / ('First 5 Innings'!AD10 - 1), 0) ) & " " & 'First 5 Innings'!AL10, "" ), IF(AND(W15 >= $F$7, W15 <= 9.99), _xludf.XLOOKUP('First 5 Innings'!D10, Validations!$E$2:$E$31, Validations!$H$2:$H$31) & " " & 'First 5 Innings'!$AK$4 & " " & IF('First 5 Innings'!AE10 >= 2, ROUND(('First 5 Innings'!AE10 - 1) * 100, 0), ROUND(-100 / ('First 5 Innings'!AE10 - 1), 0) ) & " " & 'First 5 Innings'!AM10, "" ) ) )} -> #NAME? | Z15: =IF('First 5 Innings'!W10<2, -100/('First 5 Innings'!W10-1), ('First 5 Innings'!W10-1)*100) -> 125.46231 | AA15: =IF('First 5 Innings'!AN10<2, -100/('First 5 Innings'!AN10-1), ('First 5 Innings'!AN10-1)*100) -> -154.67857 | AB15: =IF('First 5 Innings'!AO10<2, -100/('First 5 Innings'!AO10-1), ('First 5 Innings'!AO10-1)*100) -> 188.12048
B16: 4 | C16: =IFERROR(_xlfn.XLOOKUP('First 5 Innings'!D11,Validations!$E$2:$E$31,Validations!$H$2:$H$31),"") -> Minnesota Twins | D16: =IFERROR('First 5 Innings'!B11,"") -> Taj Bradley | E16: ='First 5 Innings'!C11 -> R | F16: {=IFERROR(_xlfn.XLOOKUP(D16,'Starting Pitchers'!$B$4:$B1007,'Starting Pitchers'!$Z$4:$Z1007),"")} -> 127 | G16: {=IFERROR(_xludf.XLOOKUP(D16,'Starting Pitchers'!$B$4:$B1007,'Starting Pitchers'!#REF!),"")} | H16: =IF('First 5 Innings'!G11=0,"",'First 5 Innings'!G11) -> 1.8266421 | I16: =IF(C16="","", 'First 5 Innings'!H11) -> 0.66486563 | J16: =IF(C16="","", _xlfn.LET( _xlpm.prob, 'First 5 Innings'!H11, _xlpm.dec, 1 / _xlpm.prob, IF(ABS(_xlpm.prob - 0.5) < 0.0001, 100, IF(_xlpm.dec >= 2, ROUND((_xlpm.dec - 1) * 100, 0), ROUND(-100 / (_xlpm.dec - 1), 0) ) ) )) -> -198 | K16: =IFERROR('First 5 Innings'!AH11,"") -> 0.76239149 | L16: =IFERROR( _xlfn.LET( _xlpm.prob, K16, _xlpm.dec, 1 / _xlpm.prob, IF(ABS(_xlpm.prob - 0.5) < 0.0001, 100, IF(_xlpm.dec >= 2, ROUND((_xlpm.dec - 1) * 100, 0), ROUND(-100 / (_xlpm.dec - 1), 0) ) ) ), "") -> -321 | M16: =IFERROR('First 5 Innings'!AI11,"") -> 0.53316404 | N16: =IFERROR( _xludf.LET( prob, M16, dec, 1 / prob, IF(ABS(prob - 0.5) < 0.0001, 100, IF(dec >= 2, ROUND((dec - 1) * 100, 0), ROUND(-100 / (dec - 1), 0) ) ) ), "") | O16: ='First 5 Innings'!S11 -> 0 | P16: =IFERROR( _xlfn.LET( _xlpm.prob, 'First 5 Innings'!S11, _xlpm.dec, 1 / _xlpm.prob, IF(ABS(_xlpm.prob - 0.5) < 0.0001, 100, IF(_xlpm.dec >= 2, ROUND((_xlpm.dec - 1) * 100, 0), ROUND(-100 / (_xlpm.dec - 1), 0) ) ) ), "") | Q16: =IFERROR(1/'First 5 Innings'!AD11,"") | R16: =IFERROR( _xludf.LET( prob, Q16, dec, 1 / prob, IF(ABS(prob - 0.5) < 0.0001, 100, IF(dec >= 2, ROUND((dec - 1) * 100, 0), ROUND(-100 / (dec - 1), 0) ) ) ), "") | S16: =IFERROR(1/'First 5 Innings'!AE11,"") | T16: =IFERROR( _xludf.LET( prob, S16, dec, 1 / prob, IF(ABS(prob - 0.5) < 0.0001, 100, IF(dec >= 2, ROUND((dec - 1) * 100, 0), ROUND(-100 / (dec - 1), 0) ) ) ), "") | U16: =IF(C16="","", 'First 5 Innings'!T11) -> 10 | V16: =IF(C16="","", 'First 5 Innings'!AJ11) -> 10 | W16: =IF(C16="","", 'First 5 Innings'!AK11) -> 10 | X16: =IF( OR(D16="Average", D16="", D17=""), "", IF(AND(U16 >= $E$7, U16 <= 9.99), C16 & " f5 " & ROUND(P16, 0) & " " & 'First 5 Innings'!Q11, "" ) ) | Y16: {=IF( OR(D16="Average", D16="", D17=""), "", _xludf.TEXTJOIN(CHAR(10), TRUE, IF(AND(V16 >= $F$7, V16 <= 9.99), _xludf.XLOOKUP('First 5 Innings'!D11, Validations!$E$2:$E$31, Validations!$H$2:$H$31) & " " & 'First 5 Innings'!$AJ$4 & " " & IF('First 5 Innings'!AD11 >= 2, ROUND(('First 5 Innings'!AD11 - 1) * 100, 0), ROUND(-100 / ('First 5 Innings'!AD11 - 1), 0) ) & " " & 'First 5 Innings'!AL11, "" ), IF(AND(W16 >= $F$7, W16 <= 9.99), _xludf.XLOOKUP('First 5 Innings'!D11, Validations!$E$2:$E$31, Validations!$H$2:$H$31) & " " & 'First 5 Innings'!$AK$4 & " " & IF('First 5 Innings'!AE11 >= 2, ROUND(('First 5 Innings'!AE11 - 1) * 100, 0), ROUND(-100 / ('First 5 Innings'!AE11 - 1), 0) ) & " " & 'First 5 Innings'!AM11, "" ) ) )} -> #NAME? | Z16: =IF('First 5 Innings'!W11<2, -100/('First 5 Innings'!W11-1), ('First 5 Innings'!W11-1)*100) -> -168.549 | AA16: =IF('First 5 Innings'!AN11<2, -100/('First 5 Innings'!AN11-1), ('First 5 Innings'!AN11-1)*100) -> -481.35941 | AB16: =IF('First 5 Innings'!AO11<2, -100/('First 5 Innings'!AO11-1), ('First 5 Innings'!AO11-1)*100) -> 107.77348
C17: =IFERROR(_xlfn.XLOOKUP('First 5 Innings'!D12,Validations!$E$2:$E$31,Validations!$H$2:$H$31),"") -> Baltimore Orioles | D17: =IFERROR('First 5 Innings'!B12,"") -> Kyle Bradish | E17: ='First 5 Innings'!C12 -> R | F17: {=IFERROR(_xlfn.XLOOKUP(D17,'Starting Pitchers'!$B$4:$B1007,'Starting Pitchers'!$Z$4:$Z1007),"")} -> 39 | G17: {=IFERROR(_xludf.XLOOKUP(D17,'Starting Pitchers'!$B$4:$B1007,'Starting Pitchers'!#REF!),"")} | H17: =IF('First 5 Innings'!G12=0,"",'First 5 Innings'!G12) -> 1.1452265 | I17: =IF(C17="","", 'First 5 Innings'!H12) -> 0.33513437 | J17: =IF(C17="","", _xlfn.LET( _xlpm.prob, 'First 5 Innings'!H12, _xlpm.dec, 1 / _xlpm.prob, IF(ABS(_xlpm.prob - 0.5) < 0.0001, 100, IF(_xlpm.dec >= 2, ROUND((_xlpm.dec - 1) * 100, 0), ROUND(-100 / (_xlpm.dec - 1), 0) ) ) )) -> 198 | K17: =IFERROR('First 5 Innings'!AH12,"") -> 0.46683596 | L17: =IFERROR( _xlfn.LET( _xlpm.prob, K17, _xlpm.dec, 1 / _xlpm.prob, IF(ABS(_xlpm.prob - 0.5) < 0.0001, 100, IF(_xlpm.dec >= 2, ROUND((_xlpm.dec - 1) * 100, 0), ROUND(-100 / (_xlpm.dec - 1), 0) ) ) ), "") -> 114 | M17: =IFERROR('First 5 Innings'!AI12,"") -> 0.23760851 | N17: =IFERROR( _xludf.LET( prob, M17, dec, 1 / prob, IF(ABS(prob - 0.5) < 0.0001, 100, IF(dec >= 2, ROUND((dec - 1) * 100, 0), ROUND(-100 / (dec - 1), 0) ) ) ), "") | O17: ='First 5 Innings'!S12 -> 0 | P17: =IFERROR( _xlfn.LET( _xlpm.prob, 'First 5 Innings'!S12, _xlpm.dec, 1 / _xlpm.prob, IF(ABS(_xlpm.prob - 0.5) < 0.0001, 100, IF(_xlpm.dec >= 2, ROUND((_xlpm.dec - 1) * 100, 0), ROUND(-100 / (_xlpm.dec - 1), 0) ) ) ), "") | Q17: =IFERROR(1/'First 5 Innings'!AD12,"") | R17: =IFERROR( _xludf.LET( prob, Q17, dec, 1 / prob, IF(ABS(prob - 0.5) < 0.0001, 100, IF(dec >= 2, ROUND((dec - 1) * 100, 0), ROUND(-100 / (dec - 1), 0) ) ) ), "") | S17: =IFERROR(1/'First 5 Innings'!AE12,"") | T17: =IFERROR( _xludf.LET( prob, S17, dec, 1 / prob, IF(ABS(prob - 0.5) < 0.0001, 100, IF(dec >= 2, ROUND((dec - 1) * 100, 0), ROUND(-100 / (dec - 1), 0) ) ) ), "") | U17: =IF(C17="","", 'First 5 Innings'!T12) -> 10 | V17: =IF(C17="","", 'First 5 Innings'!AJ12) -> 10 | W17: =IF(C17="","", 'First 5 Innings'!AK12) -> 10 | X17: =IF( OR(D17="Average", D17="", D18=""), "", IF(AND(U17 >= $E$7, U17 <= 9.99), C17 & " f5 " & ROUND(P17, 0) & " " & 'First 5 Innings'!Q12, "" ) ) | Y17: {=IF( OR(D17="Average", D17="", D18=""), "", _xludf.TEXTJOIN(CHAR(10), TRUE, IF(AND(V17 >= $F$7, V17 <= 9.99), _xludf.XLOOKUP('First 5 Innings'!D12, Validations!$E$2:$E$31, Validations!$H$2:$H$31) & " " & 'First 5 Innings'!$AJ$4 & " " & IF('First 5 Innings'!AD12 >= 2, ROUND(('First 5 Innings'!AD12 - 1) * 100, 0), ROUND(-100 / ('First 5 Innings'!AD12 - 1), 0) ) & " " & 'First 5 Innings'!AL12, "" ), IF(AND(W17 >= $F$7, W17 <= 9.99), _xludf.XLOOKUP('First 5 Innings'!D12, Validations!$E$2:$E$31, Validations!$H$2:$H$31) & " " & 'First 5 Innings'!$AK$4 & " " & IF('First 5 Innings'!AE12 >= 2, ROUND(('First 5 Innings'!AE12 - 1) * 100, 0), ROUND(-100 / ('First 5 Innings'!AE12 - 1), 0) ) & " " & 'First 5 Innings'!AM12, "" ) ) )} -> #NAME? | Z17: =IF('First 5 Innings'!W12<2, -100/('First 5 Innings'!W12-1), ('First 5 Innings'!W12-1)*100) -> 282.75986 | AA17: =IF('First 5 Innings'!AN12<2, -100/('First 5 Innings'!AN12-1), ('First 5 Innings'!AN12-1)*100) -> 118.08113 | AB17: =IF('First 5 Innings'!AO12<2, -100/('First 5 Innings'!AO12-1), ('First 5 Innings'!AO12-1)*100) -> 554.02933
B18: 5 | C18: =IFERROR(_xlfn.XLOOKUP('First 5 Innings'!D13,Validations!$E$2:$E$31,Validations!$H$2:$H$31),"") -> Texas Rangers | D18: =IFERROR('First 5 Innings'!B13,"") -> Jacob deGrom | E18: ='First 5 Innings'!C13 -> R | F18: {=IFERROR(_xlfn.XLOOKUP(D18,'Starting Pitchers'!$B$4:$B1007,'Starting Pitchers'!$Z$4:$Z1007),"")} -> 48 | G18: {=IFERROR(_xludf.XLOOKUP(D18,'Starting Pitchers'!$B$4:$B1007,'Starting Pitchers'!#REF!),"")} | H18: =IF('First 5 Innings'!G13=0,"",'First 5 Innings'!G13) -> 1.5453819 | I18: =IF(C18="","", 'First 5 Innings'!H13) -> 0.19615725 | J18: =IF(C18="","", _xlfn.LET( _xlpm.prob, 'First 5 Innings'!H13, _xlpm.dec, 1 / _xlpm.prob, IF(ABS(_xlpm.prob - 0.5) < 0.0001, 100, IF(_xlpm.dec >= 2, ROUND((_xlpm.dec - 1) * 100, 0), ROUND(-100 / (_xlpm.dec - 1), 0) ) ) )) -> 410 | K18: =IFERROR('First 5 Innings'!AH13,"") -> 0.24754946 | L18: =IFERROR( _xlfn.LET( _xlpm.prob, K18, _xlpm.dec, 1 / _xlpm.prob, IF(ABS(_xlpm.prob - 0.5) < 0.0001, 100, IF(_xlpm.dec >= 2, ROUND((_xlpm.dec - 1) * 100, 0), ROUND(-100 / (_xlpm.dec - 1), 0) ) ) ), "") -> 304 | M18: =IFERROR('First 5 Innings'!AI13,"") -> 0.12337603 | N18: =IFERROR( _xludf.LET( prob, M18, dec, 1 / prob, IF(ABS(prob - 0.5) < 0.0001, 100, IF(dec >= 2, ROUND((dec - 1) * 100, 0), ROUND(-100 / (dec - 1), 0) ) ) ), "") | O18: ='First 5 Innings'!S13 -> 0 | P18: =IFERROR( _xlfn.LET( _xlpm.prob, 'First 5 Innings'!S13, _xlpm.dec, 1 / _xlpm.prob, IF(ABS(_xlpm.prob - 0.5) < 0.0001, 100, IF(_xlpm.dec >= 2, ROUND((_xlpm.dec - 1) * 100, 0), ROUND(-100 / (_xlpm.dec - 1), 0) ) ) ), "") | Q18: =IFERROR(1/'First 5 Innings'!AD13,"") | R18: =IFERROR( _xludf.LET( prob, Q18, dec, 1 / prob, IF(ABS(prob - 0.5) < 0.0001, 100, IF(dec >= 2, ROUND((dec - 1) * 100, 0), ROUND(-100 / (dec - 1), 0) ) ) ), "") | S18: =IFERROR(1/'First 5 Innings'!AE13,"") | T18: =IFERROR( _xludf.LET( prob, S18, dec, 1 / prob, IF(ABS(prob - 0.5) < 0.0001, 100, IF(dec >= 2, ROUND((dec - 1) * 100, 0), ROUND(-100 / (dec - 1), 0) ) ) ), "") | U18: =IF(C18="","", 'First 5 Innings'!T13) -> 10 | V18: =IF(C18="","", 'First 5 Innings'!AJ13) -> 10 | W18: =IF(C18="","", 'First 5 Innings'!AK13) -> 10 | X18: =IF( OR(D18="Average", D18="", D19=""), "", IF(AND(U18 >= $E$7, U18 <= 9.99), C18 & " f5 " & ROUND(P18, 0) & " " & 'First 5 Innings'!Q13, "" ) ) | Y18: {=IF( OR(D18="Average", D18="", D19=""), "", _xludf.TEXTJOIN(CHAR(10), TRUE, IF(AND(V18 >= $F$7, V18 <= 9.99), _xludf.XLOOKUP('First 5 Innings'!D13, Validations!$E$2:$E$31, Validations!$H$2:$H$31) & " " & 'First 5 Innings'!$AJ$4 & " " & IF('First 5 Innings'!AD13 >= 2, ROUND(('First 5 Innings'!AD13 - 1) * 100, 0), ROUND(-100 / ('First 5 Innings'!AD13 - 1), 0) ) & " " & 'First 5 Innings'!AL13, "" ), IF(AND(W18 >= $F$7, W18 <= 9.99), _xludf.XLOOKUP('First 5 Innings'!D13, Validations!$E$2:$E$31, Validations!$H$2:$H$31) & " " & 'First 5 Innings'!$AK$4 & " " & IF('First 5 Innings'!AE13 >= 2, ROUND(('First 5 Innings'!AE13 - 1) * 100, 0), ROUND(-100 / ('First 5 Innings'!AE13 - 1), 0) ) & " " & 'First 5 Innings'!AM13, "" ) ) )} -> #NAME? | Z18: =IF('First 5 Innings'!W13<2, -100/('First 5 Innings'!W13-1), ('First 5 Innings'!W13-1)*100) -> 835.96688 | AA18: =IF('First 5 Innings'!AN13<2, -100/('First 5 Innings'!AN13-1), ('First 5 Innings'!AN13-1)*100) -> 442.19106 | AB18: =IF('First 5 Innings'!AO13<2, -100/('First 5 Innings'!AO13-1), ('First 5 Innings'!AO13-1)*100) -> 3750.0978
C19: =IFERROR(_xlfn.XLOOKUP('First 5 Innings'!D14,Validations!$E$2:$E$31,Validations!$H$2:$H$31),"") -> Philadelphia Phillies | D19: =IFERROR('First 5 Innings'!B14,"") -> Aaron Nola | E19: ='First 5 Innings'!C14 -> R | F19: {=IFERROR(_xlfn.XLOOKUP(D19,'Starting Pitchers'!$B$4:$B1007,'Starting Pitchers'!$Z$4:$Z1007),"")} -> 74 | G19: {=IFERROR(_xludf.XLOOKUP(D19,'Starting Pitchers'!$B$4:$B1007,'Starting Pitchers'!#REF!),"")} | H19: =IF('First 5 Innings'!G14=0,"",'First 5 Innings'!G14) -> 3.5853096 | I19: =IF(C19="","", 'First 5 Innings'!H14) -> 0.80384275 | J19: =IF(C19="","", _xlfn.LET( _xlpm.prob, 'First 5 Innings'!H14, _xlpm.dec, 1 / _xlpm.prob, IF(ABS(_xlpm.prob - 0.5) < 0.0001, 100, IF(_xlpm.dec >= 2, ROUND((_xlpm.dec - 1) * 100, 0), ROUND(-100 / (_xlpm.dec - 1), 0) ) ) )) -> -410 | K19: =IFERROR('First 5 Innings'!AH14,"") -> 0.87662397 | L19: =IFERROR( _xlfn.LET( _xlpm.prob, K19, _xlpm.dec, 1 / _xlpm.prob, IF(ABS(_xlpm.prob - 0.5) < 0.0001, 100, IF(_xlpm.dec >= 2, ROUND((_xlpm.dec - 1) * 100, 0), ROUND(-100 / (_xlpm.dec - 1), 0) ) ) ), "") -> -711 | M19: =IFERROR('First 5 Innings'!AI14,"") -> 0.75245054 | N19: =IFERROR( _xludf.LET( prob, M19, dec, 1 / prob, IF(ABS(prob - 0.5) < 0.0001, 100, IF(dec >= 2, ROUND((dec - 1) * 100, 0), ROUND(-100 / (dec - 1), 0) ) ) ), "") | O19: ='First 5 Innings'!S14 -> 0 | P19: =IFERROR( _xlfn.LET( _xlpm.prob, 'First 5 Innings'!S14, _xlpm.dec, 1 / _xlpm.prob, IF(ABS(_xlpm.prob - 0.5) < 0.0001, 100, IF(_xlpm.dec >= 2, ROUND((_xlpm.dec - 1) * 100, 0), ROUND(-100 / (_xlpm.dec - 1), 0) ) ) ), "") | Q19: =IFERROR(1/'First 5 Innings'!AD14,"") | R19: =IFERROR( _xludf.LET( prob, Q19, dec, 1 / prob, IF(ABS(prob - 0.5) < 0.0001, 100, IF(dec >= 2, ROUND((dec - 1) * 100, 0), ROUND(-100 / (dec - 1), 0) ) ) ), "") | S19: =IFERROR(1/'First 5 Innings'!AE14,"") | T19: =IFERROR( _xludf.LET( prob, S19, dec, 1 / prob, IF(ABS(prob - 0.5) < 0.0001, 100, IF(dec >= 2, ROUND((dec - 1) * 100, 0), ROUND(-100 / (dec - 1), 0) ) ) ), "") | U19: =IF(C19="","", 'First 5 Innings'!T14) -> 10 | V19: =IF(C19="","", 'First 5 Innings'!AJ14) -> 10 | W19: =IF(C19="","", 'First 5 Innings'!AK14) -> 10 | X19: =IF( OR(D19="Average", D19="", D20=""), "", IF(AND(U19 >= $E$7, U19 <= 9.99), C19 & " f5 " & ROUND(P19, 0) & " " & 'First 5 Innings'!Q14, "" ) ) | Y19: {=IF( OR(D19="Average", D19="", D20=""), "", _xludf.TEXTJOIN(CHAR(10), TRUE, IF(AND(V19 >= $F$7, V19 <= 9.99), _xludf.XLOOKUP('First 5 Innings'!D14, Validations!$E$2:$E$31, Validations!$H$2:$H$31) & " " & 'First 5 Innings'!$AJ$4 & " " & IF('First 5 Innings'!AD14 >= 2, ROUND(('First 5 Innings'!AD14 - 1) * 100, 0), ROUND(-100 / ('First 5 Innings'!AD14 - 1), 0) ) & " " & 'First 5 Innings'!AL14, "" ), IF(AND(W19 >= $F$7, W19 <= 9.99), _xludf.XLOOKUP('First 5 Innings'!D14, Validations!$E$2:$E$31, Validations!$H$2:$H$31) & " " & 'First 5 Innings'!$AK$4 & " " & IF('First 5 Innings'!AE14 >= 2, ROUND(('First 5 Innings'!AE14 - 1) * 100, 0), ROUND(-100 / ('First 5 Innings'!AE14 - 1), 0) ) & " " & 'First 5 Innings'!AM14, "" ) ) )} -> #NAME? | Z19: =IF('First 5 Innings'!W14<2, -100/('First 5 Innings'!W14-1), ('First 5 Innings'!W14-1)*100) -> -358.81557 | AA19: =IF('First 5 Innings'!AN14<2, -100/('First 5 Innings'!AN14-1), ('First 5 Innings'!AN14-1)*100) -> -3322.3091 | AB19: =IF('First 5 Innings'!AO14<2, -100/('First 5 Innings'!AO14-1), ('First 5 Innings'!AO14-1)*100) -> -263.5637
B20: 6 | C20: =IFERROR(_xlfn.XLOOKUP('First 5 Innings'!D15,Validations!$E$2:$E$31,Validations!$H$2:$H$31),"") -> Boston Red Sox | D20: =IFERROR('First 5 Innings'!B15,"") -> Sonny Gray | E20: ='First 5 Innings'!C15 -> R | F20: {=IFERROR(_xlfn.XLOOKUP(D20,'Starting Pitchers'!$B$4:$B1007,'Starting Pitchers'!$Z$4:$Z1007),"")} -> 102 | G20: {=IFERROR(_xludf.XLOOKUP(D20,'Starting Pitchers'!$B$4:$B1007,'Starting Pitchers'!#REF!),"")} | H20: =IF('First 5 Innings'!G15=0,"",'First 5 Innings'!G15) -> 2.7907438 | I20: =IF(C20="","", 'First 5 Innings'!H15) -> 0.61492647 | J20: =IF(C20="","", _xlfn.LET( _xlpm.prob, 'First 5 Innings'!H15, _xlpm.dec, 1 / _xlpm.prob, IF(ABS(_xlpm.prob - 0.5) < 0.0001, 100, IF(_xlpm.dec >= 2, ROUND((_xlpm.dec - 1) * 100, 0), ROUND(-100 / (_xlpm.dec - 1), 0) ) ) )) -> -160 | K20: =IFERROR('First 5 Innings'!AH15,"") -> 0.70730949 | L20: =IFERROR( _xlfn.LET( _xlpm.prob, K20, _xlpm.dec, 1 / _xlpm.prob, IF(ABS(_xlpm.prob - 0.5) < 0.0001, 100, IF(_xlpm.dec >= 2, ROUND((_xlpm.dec - 1) * 100, 0), ROUND(-100 / (_xlpm.dec - 1), 0) ) ) ), "") -> -242 | M20: =IFERROR('First 5 Innings'!AI15,"") -> 0.52949075 | N20: =IFERROR( _xludf.LET( prob, M20, dec, 1 / prob, IF(ABS(prob - 0.5) < 0.0001, 100, IF(dec >= 2, ROUND((dec - 1) * 100, 0), ROUND(-100 / (dec - 1), 0) ) ) ), "") | O20: ='First 5 Innings'!S15 -> 0 | P20: =IFERROR( _xlfn.LET( _xlpm.prob, 'First 5 Innings'!S15, _xlpm.dec, 1 / _xlpm.prob, IF(ABS(_xlpm.prob - 0.5) < 0.0001, 100, IF(_xlpm.dec >= 2, ROUND((_xlpm.dec - 1) * 100, 0), ROUND(-100 / (_xlpm.dec - 1), 0) ) ) ), "") | Q20: =IFERROR(1/'First 5 Innings'!AD15,"") | R20: =IFERROR( _xludf.LET( prob, Q20, dec, 1 / prob, IF(ABS(prob - 0.5) < 0.0001, 100, IF(dec >= 2, ROUND((dec - 1) * 100, 0), ROUND(-100 / (dec - 1), 0) ) ) ), "") | S20: =IFERROR(1/'First 5 Innings'!AE15,"") | T20: =IFERROR( _xludf.LET( prob, S20, dec, 1 / prob, IF(ABS(prob - 0.5) < 0.0001, 100, IF(dec >= 2, ROUND((dec - 1) * 100, 0), ROUND(-100 / (dec - 1), 0) ) ) ), "") | U20: =IF(C20="","", 'First 5 Innings'!T15) -> 10 | V20: =IF(C20="","", 'First 5 Innings'!AJ15) -> 10 | W20: =IF(C20="","", 'First 5 Innings'!AK15) -> 10 | X20: =IF( OR(D20="Average", D20="", D21=""), "", IF(AND(U20 >= $E$7, U20 <= 9.99), C20 & " f5 " & ROUND(P20, 0) & " " & 'First 5 Innings'!Q15, "" ) ) | Y20: {=IF( OR(D20="Average", D20="", D21=""), "", _xludf.TEXTJOIN(CHAR(10), TRUE, IF(AND(V20 >= $F$7, V20 <= 9.99), _xludf.XLOOKUP('First 5 Innings'!D15, Validations!$E$2:$E$31, Validations!$H$2:$H$31) & " " & 'First 5 Innings'!$AJ$4 & " " & IF('First 5 Innings'!AD15 >= 2, ROUND(('First 5 Innings'!AD15 - 1) * 100, 0), ROUND(-100 / ('First 5 Innings'!AD15 - 1), 0) ) & " " & 'First 5 Innings'!AL15, "" ), IF(AND(W20 >= $F$7, W20 <= 9.99), _xludf.XLOOKUP('First 5 Innings'!D15, Validations!$E$2:$E$31, Validations!$H$2:$H$31) & " " & 'First 5 Innings'!$AK$4 & " " & IF('First 5 Innings'!AE15 >= 2, ROUND(('First 5 Innings'!AE15 - 1) * 100, 0), ROUND(-100 / ('First 5 Innings'!AE15 - 1), 0) ) & " " & 'First 5 Innings'!AM15, "" ) ) )} -> #NAME? | Z20: =IF('First 5 Innings'!W15<2, -100/('First 5 Innings'!W15-1), ('First 5 Innings'!W15-1)*100) -> -133.72159 | AA20: =IF('First 5 Innings'!AN15<2, -100/('First 5 Innings'!AN15-1), ('First 5 Innings'!AN15-1)*100) -> -315.17353 | AB20: =IF('First 5 Innings'!AO15<2, -100/('First 5 Innings'!AO15-1), ('First 5 Innings'!AO15-1)*100) -> 109.5505
C21: =IFERROR(_xlfn.XLOOKUP('First 5 Innings'!D16,Validations!$E$2:$E$31,Validations!$H$2:$H$31),"") -> Cincinnati Reds | D21: =IFERROR('First 5 Innings'!B16,"") -> Brady Singer | E21: ='First 5 Innings'!C16 -> R | F21: {=IFERROR(_xlfn.XLOOKUP(D21,'Starting Pitchers'!$B$4:$B1007,'Starting Pitchers'!$Z$4:$Z1007),"")} -> 43 | G21: {=IFERROR(_xludf.XLOOKUP(D21,'Starting Pitchers'!$B$4:$B1007,'Starting Pitchers'!#REF!),"")} | H21: =IF('First 5 Innings'!G16=0,"",'First 5 Innings'!G16) -> 2.1072284 | I21: =IF(C21="","", 'First 5 Innings'!H16) -> 0.38507353 | J21: =IF(C21="","", _xlfn.LET( _xlpm.prob, 'First 5 Innings'!H16, _xlpm.dec, 1 / _xlpm.prob, IF(ABS(_xlpm.prob - 0.5) < 0.0001, 100, IF(_xlpm.dec >= 2, ROUND((_xlpm.dec - 1) * 100, 0), ROUND(-100 / (_xlpm.dec - 1), 0) ) ) )) -> 160 | K21: =IFERROR('First 5 Innings'!AH16,"") -> 0.47050925 | L21: =IFERROR( _xlfn.LET( _xlpm.prob, K21, _xlpm.dec, 1 / _xlpm.prob, IF(ABS(_xlpm.prob - 0.5) < 0.0001, 100, IF(_xlpm.dec >= 2, ROUND((_xlpm.dec - 1) * 100, 0), ROUND(-100 / (_xlpm.dec - 1), 0) ) ) ), "") -> 113 | M21: =IFERROR('First 5 Innings'!AI16,"") -> 0.29269051 | N21: =IFERROR( _xludf.LET( prob, M21, dec, 1 / prob, IF(ABS(prob - 0.5) < 0.0001, 100, IF(dec >= 2, ROUND((dec - 1) * 100, 0), ROUND(-100 / (dec - 1), 0) ) ) ), "") | O21: ='First 5 Innings'!S16 -> 0 | P21: =IFERROR( _xlfn.LET( _xlpm.prob, 'First 5 Innings'!S16, _xlpm.dec, 1 / _xlpm.prob, IF(ABS(_xlpm.prob - 0.5) < 0.0001, 100, IF(_xlpm.dec >= 2, ROUND((_xlpm.dec - 1) * 100, 0), ROUND(-100 / (_xlpm.dec - 1), 0) ) ) ), "") | Q21: =IFERROR(1/'First 5 Innings'!AD16,"") | R21: =IFERROR( _xludf.LET( prob, Q21, dec, 1 / prob, IF(ABS(prob - 0.5) < 0.0001, 100, IF(dec >= 2, ROUND((dec - 1) * 100, 0), ROUND(-100 / (dec - 1), 0) ) ) ), "") | S21: =IFERROR(1/'First 5 Innings'!AE16,"") | T21: =IFERROR( _xludf.LET( prob, S21, dec, 1 / prob, IF(ABS(prob - 0.5) < 0.0001, 100, IF(dec >= 2, ROUND((dec - 1) * 100, 0), ROUND(-100 / (dec - 1), 0) ) ) ), "") | U21: =IF(C21="","", 'First 5 Innings'!T16) -> 10 | V21: =IF(C21="","", 'First 5 Innings'!AJ16) -> 10 | W21: =IF(C21="","", 'First 5 Innings'!AK16) -> 10 | X21: =IF( OR(D21="Average", D21="", D22=""), "", IF(AND(U21 >= $E$7, U21 <= 9.99), C21 & " f5 " & ROUND(P21, 0) & " " & 'First 5 Innings'!Q16, "" ) ) | Y21: {=IF( OR(D21="Average", D21="", D22=""), "", _xludf.TEXTJOIN(CHAR(10), TRUE, IF(AND(V21 >= $F$7, V21 <= 9.99), _xludf.XLOOKUP('First 5 Innings'!D16, Validations!$E$2:$E$31, Validations!$H$2:$H$31) & " " & 'First 5 Innings'!$AJ$4 & " " & IF('First 5 Innings'!AD16 >= 2, ROUND(('First 5 Innings'!AD16 - 1) * 100, 0), ROUND(-100 / ('First 5 Innings'!AD16 - 1), 0) ) & " " & 'First 5 Innings'!AL16, "" ), IF(AND(W21 >= $F$7, W21 <= 9.99), _xludf.XLOOKUP('First 5 Innings'!D16, Validations!$E$2:$E$31, Validations!$H$2:$H$31) & " " & 'First 5 Innings'!$AK$4 & " " & IF('First 5 Innings'!AE16 >= 2, ROUND(('First 5 Innings'!AE16 - 1) * 100, 0), ROUND(-100 / ('First 5 Innings'!AE16 - 1), 0) ) & " " & 'First 5 Innings'!AM16, "" ) ) )} -> #NAME? | Z21: =IF('First 5 Innings'!W16<2, -100/('First 5 Innings'!W16-1), ('First 5 Innings'!W16-1)*100) -> 215.70802 | AA21: =IF('First 5 Innings'!AN16<2, -100/('First 5 Innings'!AN16-1), ('First 5 Innings'!AN16-1)*100) -> 115.91904 | AB21: =IF('First 5 Innings'!AO16<2, -100/('First 5 Innings'!AO16-1), ('First 5 Innings'!AO16-1)*100) -> 367.07022
B22: 7 | C22: =IFERROR(_xlfn.XLOOKUP('First 5 Innings'!D17,Validations!$E$2:$E$31,Validations!$H$2:$H$31),"") -> Pittsburgh Pirates | D22: =IFERROR('First 5 Innings'!B17,"") -> Mitch Keller | E22: ='First 5 Innings'!C17 -> R | F22: {=IFERROR(_xlfn.XLOOKUP(D22,'Starting Pitchers'!$B$4:$B1007,'Starting Pitchers'!$Z$4:$Z1007),"")} -> 140 | G22: {=IFERROR(_xludf.XLOOKUP(D22,'Starting Pitchers'!$B$4:$B1007,'Starting Pitchers'!#REF!),"")} | H22: =IF('First 5 Innings'!G17=0,"",'First 5 Innings'!G17) -> 2.6219046 | I22: =IF(C22="","", 'First 5 Innings'!H17) -> 0.75190149 | J22: =IF(C22="","", _xlfn.LET( _xlpm.prob, 'First 5 Innings'!H17, _xlpm.dec, 1 / _xlpm.prob, IF(ABS(_xlpm.prob - 0.5) < 0.0001, 100, IF(_xlpm.dec >= 2, ROUND((_xlpm.dec - 1) * 100, 0), ROUND(-100 / (_xlpm.dec - 1), 0) ) ) )) -> -303 | K22: =IFERROR('First 5 Innings'!AH17,"") -> 0.83065963 | L22: =IFERROR( _xlfn.LET( _xlpm.prob, K22, _xlpm.dec, 1 / _xlpm.prob, IF(ABS(_xlpm.prob - 0.5) < 0.0001, 100, IF(_xlpm.dec >= 2, ROUND((_xlpm.dec - 1) * 100, 0), ROUND(-100 / (_xlpm.dec - 1), 0) ) ) ), "") -> -491 | M22: =IFERROR('First 5 Innings'!AI17,"") -> 0.65901675 | N22: =IFERROR( _xludf.LET( prob, M22, dec, 1 / prob, IF(ABS(prob - 0.5) < 0.0001, 100, IF(dec >= 2, ROUND((dec - 1) * 100, 0), ROUND(-100 / (dec - 1), 0) ) ) ), "") | O22: ='First 5 Innings'!S17 -> 0 | P22: =IFERROR( _xlfn.LET( _xlpm.prob, 'First 5 Innings'!S17, _xlpm.dec, 1 / _xlpm.prob, IF(ABS(_xlpm.prob - 0.5) < 0.0001, 100, IF(_xlpm.dec >= 2, ROUND((_xlpm.dec - 1) * 100, 0), ROUND(-100 / (_xlpm.dec - 1), 0) ) ) ), "") | Q22: =IFERROR(1/'First 5 Innings'!AD17,"") | R22: =IFERROR( _xludf.LET( prob, Q22, dec, 1 / prob, IF(ABS(prob - 0.5) < 0.0001, 100, IF(dec >= 2, ROUND((dec - 1) * 100, 0), ROUND(-100 / (dec - 1), 0) ) ) ), "") | S22: =IFERROR(1/'First 5 Innings'!AE17,"") | T22: =IFERROR( _xludf.LET( prob, S22, dec, 1 / prob, IF(ABS(prob - 0.5) < 0.0001, 100, IF(dec >= 2, ROUND((dec - 1) * 100, 0), ROUND(-100 / (dec - 1), 0) ) ) ), "") | U22: =IF(C22="","", 'First 5 Innings'!T17) -> 10 | V22: =IF(C22="","", 'First 5 Innings'!AJ17) -> 10 | W22: =IF(C22="","", 'First 5 Innings'!AK17) -> 10 | X22: =IF( OR(D22="Average", D22="", D23=""), "", IF(AND(U22 >= $E$7, U22 <= 9.99), C22 & " f5 " & ROUND(P22, 0) & " " & 'First 5 Innings'!Q17, "" ) ) | Y22: {=IF( OR(D22="Average", D22="", D23=""), "", _xludf.TEXTJOIN(CHAR(10), TRUE, IF(AND(V22 >= $F$7, V22 <= 9.99), _xludf.XLOOKUP('First 5 Innings'!D17, Validations!$E$2:$E$31, Validations!$H$2:$H$31) & " " & 'First 5 Innings'!$AJ$4 & " " & IF('First 5 Innings'!AD17 >= 2, ROUND(('First 5 Innings'!AD17 - 1) * 100, 0), ROUND(-100 / ('First 5 Innings'!AD17 - 1), 0) ) & " " & 'First 5 Innings'!AL17, "" ), IF(AND(W22 >= $F$7, W22 <= 9.99), _xludf.XLOOKUP('First 5 Innings'!D17, Validations!$E$2:$E$31, Validations!$H$2:$H$31) & " " & 'First 5 Innings'!$AK$4 & " " & IF('First 5 Innings'!AE17 >= 2, ROUND(('First 5 Innings'!AE17 - 1) * 100, 0), ROUND(-100 / ('First 5 Innings'!AE17 - 1), 0) ) & " " & 'First 5 Innings'!AM17, "" ) ) )} -> #NAME? | Z22: =IF('First 5 Innings'!W17<2, -100/('First 5 Innings'!W17-1), ('First 5 Innings'!W17-1)*100) -> -262.75913 | AA22: =IF('First 5 Innings'!AN17<2, -100/('First 5 Innings'!AN17-1), ('First 5 Innings'!AN17-1)*100) -> -1053.7291 | AB22: =IF('First 5 Innings'!AO17<2, -100/('First 5 Innings'!AO17-1), ('First 5 Innings'!AO17-1)*100) -> -163.94258
C23: =IFERROR(_xlfn.XLOOKUP('First 5 Innings'!D18,Validations!$E$2:$E$31,Validations!$H$2:$H$31),"") -> New York Mets | D23: =IFERROR('First 5 Innings'!B18,"") -> David Peterson | E23: ='First 5 Innings'!C18 -> L | F23: {=IFERROR(_xlfn.XLOOKUP(D23,'Starting Pitchers'!$B$4:$B1007,'Starting Pitchers'!$Z$4:$Z1007),"")} -> 139 | G23: {=IFERROR(_xludf.XLOOKUP(D23,'Starting Pitchers'!$B$4:$B1007,'Starting Pitchers'!#REF!),"")} | H23: =IF('First 5 Innings'!G18=0,"",'First 5 Innings'!G18) -> 1.2917356 | I23: =IF(C23="","", 'First 5 Innings'!H18) -> 0.24809851 | J23: =IF(C23="","", _xlfn.LET( _xlpm.prob, 'First 5 Innings'!H18, _xlpm.dec, 1 / _xlpm.prob, IF(ABS(_xlpm.prob - 0.5) < 0.0001, 100, IF(_xlpm.dec >= 2, ROUND((_xlpm.dec - 1) * 100, 0), ROUND(-100 / (_xlpm.dec - 1), 0) ) ) )) -> 303 | K23: =IFERROR('First 5 Innings'!AH18,"") -> 0.34098325 | L23: =IFERROR( _xlfn.LET( _xlpm.prob, K23, _xlpm.dec, 1 / _xlpm.prob, IF(ABS(_xlpm.prob - 0.5) < 0.0001, 100, IF(_xlpm.dec >= 2, ROUND((_xlpm.dec - 1) * 100, 0), ROUND(-100 / (_xlpm.dec - 1), 0) ) ) ), "") -> 193 | M23: =IFERROR('First 5 Innings'!AI18,"") -> 0.16934037 | N23: =IFERROR( _xludf.LET( prob, M23, dec, 1 / prob, IF(ABS(prob - 0.5) < 0.0001, 100, IF(dec >= 2, ROUND((dec - 1) * 100, 0), ROUND(-100 / (dec - 1), 0) ) ) ), "") | O23: ='First 5 Innings'!S18 -> 0 | P23: =IFERROR( _xlfn.LET( _xlpm.prob, 'First 5 Innings'!S18, _xlpm.dec, 1 / _xlpm.prob, IF(ABS(_xlpm.prob - 0.5) < 0.0001, 100, IF(_xlpm.dec >= 2, ROUND((_xlpm.dec - 1) * 100, 0), ROUND(-100 / (_xlpm.dec - 1), 0) ) ) ), "") | Q23: =IFERROR(1/'First 5 Innings'!AD18,"") | R23: =IFERROR( _xludf.LET( prob, Q23, dec, 1 / prob, IF(ABS(prob - 0.5) < 0.0001, 100, IF(dec >= 2, ROUND((dec - 1) * 100, 0), ROUND(-100 / (dec - 1), 0) ) ) ), "") | S23: =IFERROR(1/'First 5 Innings'!AE18,"") | T23: =IFERROR( _xludf.LET( prob, S23, dec, 1 / prob, IF(ABS(prob - 0.5) < 0.0001, 100, IF(dec >= 2, ROUND((dec - 1) * 100, 0), ROUND(-100 / (dec - 1), 0) ) ) ), "") | U23: =IF(C23="","", 'First 5 Innings'!T18) -> 10 | V23: =IF(C23="","", 'First 5 Innings'!AJ18) -> 10 | W23: =IF(C23="","", 'First 5 Innings'!AK18) -> 10 | X23: =IF( OR(D23="Average", D23="", D24=""), "", IF(AND(U23 >= $E$7, U23 <= 9.99), C23 & " f5 " & ROUND(P23, 0) & " " & 'First 5 Innings'!Q18, "" ) ) | Y23: {=IF( OR(D23="Average", D23="", D24=""), "", _xludf.TEXTJOIN(CHAR(10), TRUE, IF(AND(V23 >= $F$7, V23 <= 9.99), _xludf.XLOOKUP('First 5 Innings'!D18, Validations!$E$2:$E$31, Validations!$H$2:$H$31) & " " & 'First 5 Innings'!$AJ$4 & " " & IF('First 5 Innings'!AD18 >= 2, ROUND(('First 5 Innings'!AD18 - 1) * 100, 0), ROUND(-100 / ('First 5 Innings'!AD18 - 1), 0) ) & " " & 'First 5 Innings'!AL18, "" ), IF(AND(W23 >= $F$7, W23 <= 9.99), _xludf.XLOOKUP('First 5 Innings'!D18, Validations!$E$2:$E$31, Validations!$H$2:$H$31) & " " & 'First 5 Innings'!$AK$4 & " " & IF('First 5 Innings'!AE18 >= 2, ROUND(('First 5 Innings'!AE18 - 1) * 100, 0), ROUND(-100 / ('First 5 Innings'!AE18 - 1), 0) ) & " " & 'First 5 Innings'!AM18, "" ) ) )} -> #NAME? | Z23: =IF('First 5 Innings'!W18<2, -100/('First 5 Innings'!W18-1), ('First 5 Innings'!W18-1)*100) -> 507.70362 | AA23: =IF('First 5 Innings'!AN18<2, -100/('First 5 Innings'!AN18-1), ('First 5 Innings'!AN18-1)*100) -> 231.97328 | AB23: =IF('First 5 Innings'!AO18<2, -100/('First 5 Innings'!AO18-1), ('First 5 Innings'!AO18-1)*100) -> 1197.9452
B24: 8 | C24: =IFERROR(_xlfn.XLOOKUP('First 5 Innings'!D19,Validations!$E$2:$E$31,Validations!$H$2:$H$31),"") -> Colorado Rockies | D24: =IFERROR('First 5 Innings'!B19,"") -> Michael Lorenzen | E24: ='First 5 Innings'!C19 -> R | F24: {=IFERROR(_xlfn.XLOOKUP(D24,'Starting Pitchers'!$B$4:$B1007,'Starting Pitchers'!$Z$4:$Z1007),"")} -> 135 | G24: {=IFERROR(_xludf.XLOOKUP(D24,'Starting Pitchers'!$B$4:$B1007,'Starting Pitchers'!#REF!),"")} | H24: =IF('First 5 Innings'!G19=0,"",'First 5 Innings'!G19) -> 2.0217493 | I24: =IF(C24="","", 'First 5 Innings'!H19) -> 0.52756979 | J24: =IF(C24="","", _xlfn.LET( _xlpm.prob, 'First 5 Innings'!H19, _xlpm.dec, 1 / _xlpm.prob, IF(ABS(_xlpm.prob - 0.5) < 0.0001, 100, IF(_xlpm.dec >= 2, ROUND((_xlpm.dec - 1) * 100, 0), ROUND(-100 / (_xlpm.dec - 1), 0) ) ) )) -> -112 | K24: =IFERROR('First 5 Innings'!AH19,"") -> 0.63129076 | L24: =IFERROR( _xlfn.LET( _xlpm.prob, K24, _xlpm.dec, 1 / _xlpm.prob, IF(ABS(_xlpm.prob - 0.5) < 0.0001, 100, IF(_xlpm.dec >= 2, ROUND((_xlpm.dec - 1) * 100, 0), ROUND(-100 / (_xlpm.dec - 1), 0) ) ) ), "") -> -171 | M24: =IFERROR('First 5 Innings'!AI19,"") -> 0.42203166 | N24: =IFERROR( _xludf.LET( prob, M24, dec, 1 / prob, IF(ABS(prob - 0.5) < 0.0001, 100, IF(dec >= 2, ROUND((dec - 1) * 100, 0), ROUND(-100 / (dec - 1), 0) ) ) ), "") | O24: ='First 5 Innings'!S19 -> 0 | P24: =IFERROR( _xlfn.LET( _xlpm.prob, 'First 5 Innings'!S19, _xlpm.dec, 1 / _xlpm.prob, IF(ABS(_xlpm.prob - 0.5) < 0.0001, 100, IF(_xlpm.dec >= 2, ROUND((_xlpm.dec - 1) * 100, 0), ROUND(-100 / (_xlpm.dec - 1), 0) ) ) ), "") | Q24: =IFERROR(1/'First 5 Innings'!AD19,"") | R24: =IFERROR( _xludf.LET( prob, Q24, dec, 1 / prob, IF(ABS(prob - 0.5) < 0.0001, 100, IF(dec >= 2, ROUND((dec - 1) * 100, 0), ROUND(-100 / (dec - 1), 0) ) ) ), "") | S24: =IFERROR(1/'First 5 Innings'!AE19,"") | T24: =IFERROR( _xludf.LET( prob, S24, dec, 1 / prob, IF(ABS(prob - 0.5) < 0.0001, 100, IF(dec >= 2, ROUND((dec - 1) * 100, 0), ROUND(-100 / (dec - 1), 0) ) ) ), "") | U24: =IF(C24="","", 'First 5 Innings'!T19) -> 10 | V24: =IF(C24="","", 'First 5 Innings'!AJ19) -> 10 | W24: =IF(C24="","", 'First 5 Innings'!AK19) -> 10 | X24: =IF( OR(D24="Average", D24="", D25=""), "", IF(AND(U24 >= $E$7, U24 <= 9.99), C24 & " f5 " & ROUND(P24, 0) & " " & 'First 5 Innings'!Q19, "" ) ) | Y24: {=IF( OR(D24="Average", D24="", D25=""), "", _xludf.TEXTJOIN(CHAR(10), TRUE, IF(AND(V24 >= $F$7, V24 <= 9.99), _xludf.XLOOKUP('First 5 Innings'!D19, Validations!$E$2:$E$31, Validations!$H$2:$H$31) & " " & 'First 5 Innings'!$AJ$4 & " " & IF('First 5 Innings'!AD19 >= 2, ROUND(('First 5 Innings'!AD19 - 1) * 100, 0), ROUND(-100 / ('First 5 Innings'!AD19 - 1), 0) ) & " " & 'First 5 Innings'!AL19, "" ), IF(AND(W24 >= $F$7, W24 <= 9.99), _xludf.XLOOKUP('First 5 Innings'!D19, Validations!$E$2:$E$31, Validations!$H$2:$H$31) & " " & 'First 5 Innings'!$AK$4 & " " & IF('First 5 Innings'!AE19 >= 2, ROUND(('First 5 Innings'!AE19 - 1) * 100, 0), ROUND(-100 / ('First 5 Innings'!AE19 - 1), 0) ) & " " & 'First 5 Innings'!AM19, "" ) ) )} -> #NAME? | Z24: =IF('First 5 Innings'!W19<2, -100/('First 5 Innings'!W19-1), ('First 5 Innings'!W19-1)*100) -> 110.49195 | AA24: =IF('First 5 Innings'!AN19<2, -100/('First 5 Innings'!AN19-1), ('First 5 Innings'!AN19-1)*100) -> -197.71958 | AB24: =IF('First 5 Innings'!AO19<2, -100/('First 5 Innings'!AO19-1), ('First 5 Innings'!AO19-1)*100) -> 179.47563
C25: =IFERROR(_xlfn.XLOOKUP('First 5 Innings'!D20,Validations!$E$2:$E$31,Validations!$H$2:$H$31),"") -> Miami Marlins | D25: =IFERROR('First 5 Innings'!B20,"") -> Eury Pérez | E25: ='First 5 Innings'!C20 -> R | F25: {=IFERROR(_xlfn.XLOOKUP(D25,'Starting Pitchers'!$B$4:$B1007,'Starting Pitchers'!$Z$4:$Z1007),"")} -> 89 | G25: {=IFERROR(_xludf.XLOOKUP(D25,'Starting Pitchers'!$B$4:$B1007,'Starting Pitchers'!#REF!),"")} | H25: =IF('First 5 Innings'!G20=0,"",'First 5 Innings'!G20) -> 1.8849384 | I25: =IF(C25="","", 'First 5 Innings'!H20) -> 0.47243021 | J25: =IF(C25="","", _xlfn.LET( _xlpm.prob, 'First 5 Innings'!H20, _xlpm.dec, 1 / _xlpm.prob, IF(ABS(_xlpm.prob - 0.5) < 0.0001, 100, IF(_xlpm.dec >= 2, ROUND((_xlpm.dec - 1) * 100, 0), ROUND(-100 / (_xlpm.dec - 1), 0) ) ) )) -> 112 | K25: =IFERROR('First 5 Innings'!AH20,"") -> 0.57796834 | L25: =IFERROR( _xlfn.LET( _xlpm.prob, K25, _xlpm.dec, 1 / _xlpm.prob, IF(ABS(_xlpm.prob - 0.5) < 0.0001, 100, IF(_xlpm.dec >= 2, ROUND((_xlpm.dec - 1) * 100, 0), ROUND(-100 / (_xlpm.dec - 1), 0) ) ) ), "") -> -137 | M25: =IFERROR('First 5 Innings'!AI20,"") -> 0.36870924 | N25: =IFERROR( _xludf.LET( prob, M25, dec, 1 / prob, IF(ABS(prob - 0.5) < 0.0001, 100, IF(dec >= 2, ROUND((dec - 1) * 100, 0), ROUND(-100 / (dec - 1), 0) ) ) ), "") | O25: ='First 5 Innings'!S20 -> 0 | P25: =IFERROR( _xlfn.LET( _xlpm.prob, 'First 5 Innings'!S20, _xlpm.dec, 1 / _xlpm.prob, IF(ABS(_xlpm.prob - 0.5) < 0.0001, 100, IF(_xlpm.dec >= 2, ROUND((_xlpm.dec - 1) * 100, 0), ROUND(-100 / (_xlpm.dec - 1), 0) ) ) ), "") | Q25: =IFERROR(1/'First 5 Innings'!AD20,"") | R25: =IFERROR( _xludf.LET( prob, Q25, dec, 1 / prob, IF(ABS(prob - 0.5) < 0.0001, 100, IF(dec >= 2, ROUND((dec - 1) * 100, 0), ROUND(-100 / (dec - 1), 0) ) ) ), "") | S25: =IFERROR(1/'First 5 Innings'!AE20,"") | T25: =IFERROR( _xludf.LET( prob, S25, dec, 1 / prob, IF(ABS(prob - 0.5) < 0.0001, 100, IF(dec >= 2, ROUND((dec - 1) * 100, 0), ROUND(-100 / (dec - 1), 0) ) ) ), "") | U25: =IF(C25="","", 'First 5 Innings'!T20) -> 10 | V25: =IF(C25="","", 'First 5 Innings'!AJ20) -> 10 | W25: =IF(C25="","", 'First 5 Innings'!AK20) -> 10 | X25: =IF( OR(D25="Average", D25="", D26=""), "", IF(AND(U25 >= $E$7, U25 <= 9.99), C25 & " f5 " & ROUND(P25, 0) & " " & 'First 5 Innings'!Q20, "" ) ) | Y25: {=IF( OR(D25="Average", D25="", D26=""), "", _xludf.TEXTJOIN(CHAR(10), TRUE, IF(AND(V25 >= $F$7, V25 <= 9.99), _xludf.XLOOKUP('First 5 Innings'!D20, Validations!$E$2:$E$31, Validations!$H$2:$H$31) & " " & 'First 5 Innings'!$AJ$4 & " " & IF('First 5 Innings'!AD20 >= 2, ROUND(('First 5 Innings'!AD20 - 1) * 100, 0), ROUND(-100 / ('First 5 Innings'!AD20 - 1), 0) ) & " " & 'First 5 Innings'!AL20, "" ), IF(AND(W25 >= $F$7, W25 <= 9.99), _xludf.XLOOKUP('First 5 Innings'!D20, Validations!$E$2:$E$31, Validations!$H$2:$H$31) & " " & 'First 5 Innings'!$AK$4 & " " & IF('First 5 Innings'!AE20 >= 2, ROUND(('First 5 Innings'!AE20 - 1) * 100, 0), ROUND(-100 / ('First 5 Innings'!AE20 - 1), 0) ) & " " & 'First 5 Innings'!AM20, "" ) ) )} -> #NAME? | Z25: =IF('First 5 Innings'!W20<2, -100/('First 5 Innings'!W20-1), ('First 5 Innings'!W20-1)*100) -> 141.65602 | AA25: =IF('First 5 Innings'!AN20<2, -100/('First 5 Innings'!AN20-1), ('First 5 Innings'!AN20-1)*100) -> -148.42278 | AB25: =IF('First 5 Innings'!AO20<2, -100/('First 5 Innings'!AO20-1), ('First 5 Innings'!AO20-1)*100) -> 234.93452
B26: 9 | C26: =IFERROR(_xlfn.XLOOKUP('First 5 Innings'!D21,Validations!$E$2:$E$31,Validations!$H$2:$H$31),"") -> Los Angeles Angels | D26: =IFERROR('First 5 Innings'!B21,"") -> Reid Detmers | E26: ='First 5 Innings'!C21 -> L | F26: {=IFERROR(_xlfn.XLOOKUP(D26,'Starting Pitchers'!$B$4:$B1007,'Starting Pitchers'!$Z$4:$Z1007),"")} | G26: {=IFERROR(_xludf.XLOOKUP(D26,'Starting Pitchers'!$B$4:$B1007,'Starting Pitchers'!#REF!),"")} | H26: =IF('First 5 Innings'!G21=0,"",'First 5 Innings'!G21) -> 2.2501747 | I26: =IF(C26="","", 'First 5 Innings'!H21) -> 0.43135334 | J26: =IF(C26="","", _xlfn.LET( _xlpm.prob, 'First 5 Innings'!H21, _xlpm.dec, 1 / _xlpm.prob, IF(ABS(_xlpm.prob - 0.5) < 0.0001, 100, IF(_xlpm.dec >= 2, ROUND((_xlpm.dec - 1) * 100, 0), ROUND(-100 / (_xlpm.dec - 1), 0) ) ) )) -> 132 | K26: =IFERROR('First 5 Innings'!AH21,"") -> 0.52054698 | L26: =IFERROR( _xlfn.LET( _xlpm.prob, K26, _xlpm.dec, 1 / _xlpm.prob, IF(ABS(_xlpm.prob - 0.5) < 0.0001, 100, IF(_xlpm.dec >= 2, ROUND((_xlpm.dec - 1) * 100, 0), ROUND(-100 / (_xlpm.dec - 1), 0) ) ) ), "") -> -109 | M26: =IFERROR('First 5 Innings'!AI21,"") -> 0.33788941 | N26: =IFERROR( _xludf.LET( prob, M26, dec, 1 / prob, IF(ABS(prob - 0.5) < 0.0001, 100, IF(dec >= 2, ROUND((dec - 1) * 100, 0), ROUND(-100 / (dec - 1), 0) ) ) ), "") | O26: ='First 5 Innings'!S21 -> 0 | P26: =IFERROR( _xlfn.LET( _xlpm.prob, 'First 5 Innings'!S21, _xlpm.dec, 1 / _xlpm.prob, IF(ABS(_xlpm.prob - 0.5) < 0.0001, 100, IF(_xlpm.dec >= 2, ROUND((_xlpm.dec - 1) * 100, 0), ROUND(-100 / (_xlpm.dec - 1), 0) ) ) ), "") | Q26: =IFERROR(1/'First 5 Innings'!AD21,"") | R26: =IFERROR( _xludf.LET( prob, Q26, dec, 1 / prob, IF(ABS(prob - 0.5) < 0.0001, 100, IF(dec >= 2, ROUND((dec - 1) * 100, 0), ROUND(-100 / (dec - 1), 0) ) ) ), "") | S26: =IFERROR(1/'First 5 Innings'!AE21,"") | T26: =IFERROR( _xludf.LET( prob, S26, dec, 1 / prob, IF(ABS(prob - 0.5) < 0.0001, 100, IF(dec >= 2, ROUND((dec - 1) * 100, 0), ROUND(-100 / (dec - 1), 0) ) ) ), "") | U26: =IF(C26="","", 'First 5 Innings'!T21) -> 10 | V26: =IF(C26="","", 'First 5 Innings'!AJ21) -> 10 | W26: =IF(C26="","", 'First 5 Innings'!AK21) -> 10 | X26: =IF( OR(D26="Average", D26="", D27=""), "", IF(AND(U26 >= $E$7, U26 <= 9.99), C26 & " f5 " & ROUND(P26, 0) & " " & 'First 5 Innings'!Q21, "" ) ) | Y26: {=IF( OR(D26="Average", D26="", D27=""), "", _xludf.TEXTJOIN(CHAR(10), TRUE, IF(AND(V26 >= $F$7, V26 <= 9.99), _xludf.XLOOKUP('First 5 Innings'!D21, Validations!$E$2:$E$31, Validations!$H$2:$H$31) & " " & 'First 5 Innings'!$AJ$4 & " " & IF('First 5 Innings'!AD21 >= 2, ROUND(('First 5 Innings'!AD21 - 1) * 100, 0), ROUND(-100 / ('First 5 Innings'!AD21 - 1), 0) ) & " " & 'First 5 Innings'!AL21, "" ), IF(AND(W26 >= $F$7, W26 <= 9.99), _xludf.XLOOKUP('First 5 Innings'!D21, Validations!$E$2:$E$31, Validations!$H$2:$H$31) & " " & 'First 5 Innings'!$AK$4 & " " & IF('First 5 Innings'!AE21 >= 2, ROUND(('First 5 Innings'!AE21 - 1) * 100, 0), ROUND(-100 / ('First 5 Innings'!AE21 - 1), 0) ) & " " & 'First 5 Innings'!AM21, "" ) ) )} -> #NAME? | Z26: =IF('First 5 Innings'!W21<2, -100/('First 5 Innings'!W21-1), ('First 5 Innings'!W21-1)*100) -> 171.61338 | AA26: =IF('First 5 Innings'!AN21<2, -100/('First 5 Innings'!AN21-1), ('First 5 Innings'!AN21-1)*100) -> -110.82979 | AB26: =IF('First 5 Innings'!AO21<2, -100/('First 5 Innings'!AO21-1), ('First 5 Innings'!AO21-1)*100) -> 278.32705
C27: =IFERROR(_xlfn.XLOOKUP('First 5 Innings'!D22,Validations!$E$2:$E$31,Validations!$H$2:$H$31),"") -> Houston Astros | D27: =IFERROR('First 5 Innings'!B22,"") -> Cristian Javier | E27: ='First 5 Innings'!C22 -> R | F27: {=IFERROR(_xlfn.XLOOKUP(D27,'Starting Pitchers'!$B$4:$B1007,'Starting Pitchers'!$Z$4:$Z1007),"")} -> 67 | G27: {=IFERROR(_xludf.XLOOKUP(D27,'Starting Pitchers'!$B$4:$B1007,'Starting Pitchers'!#REF!),"")} | H27: =IF('First 5 Innings'!G22=0,"",'First 5 Innings'!G22) -> 2.6557283 | I27: =IF(C27="","", 'First 5 Innings'!H22) -> 0.56864666 | J27: =IF(C27="","", _xlfn.LET( _xlpm.prob, 'First 5 Innings'!H22, _xlpm.dec, 1 / _xlpm.prob, IF(ABS(_xlpm.prob - 0.5) < 0.0001, 100, IF(_xlpm.dec >= 2, ROUND((_xlpm.dec - 1) * 100, 0), ROUND(-100 / (_xlpm.dec - 1), 0) ) ) )) -> -132 | K27: =IFERROR('First 5 Innings'!AH22,"") -> 0.66211059 | L27: =IFERROR( _xlfn.LET( _xlpm.prob, K27, _xlpm.dec, 1 / _xlpm.prob, IF(ABS(_xlpm.prob - 0.5) < 0.0001, 100, IF(_xlpm.dec >= 2, ROUND((_xlpm.dec - 1) * 100, 0), ROUND(-100 / (_xlpm.dec - 1), 0) ) ) ), "") -> -196 | M27: =IFERROR('First 5 Innings'!AI22,"") -> 0.47945302 | N27: =IFERROR( _xludf.LET( prob, M27, dec, 1 / prob, IF(ABS(prob - 0.5) < 0.0001, 100, IF(dec >= 2, ROUND((dec - 1) * 100, 0), ROUND(-100 / (dec - 1), 0) ) ) ), "") | O27: ='First 5 Innings'!S22 -> 0 | P27: =IFERROR( _xlfn.LET( _xlpm.prob, 'First 5 Innings'!S22, _xlpm.dec, 1 / _xlpm.prob, IF(ABS(_xlpm.prob - 0.5) < 0.0001, 100, IF(_xlpm.dec >= 2, ROUND((_xlpm.dec - 1) * 100, 0), ROUND(-100 / (_xlpm.dec - 1), 0) ) ) ), "") | Q27: =IFERROR(1/'First 5 Innings'!AD22,"") | R27: =IFERROR( _xludf.LET( prob, Q27, dec, 1 / prob, IF(ABS(prob - 0.5) < 0.0001, 100, IF(dec >= 2, ROUND((dec - 1) * 100, 0), ROUND(-100 / (dec - 1), 0) ) ) ), "") | S27: =IFERROR(1/'First 5 Innings'!AE22,"") | T27: =IFERROR( _xludf.LET( prob, S27, dec, 1 / prob, IF(ABS(prob - 0.5) < 0.0001, 100, IF(dec >= 2, ROUND((dec - 1) * 100, 0), ROUND(-100 / (dec - 1), 0) ) ) ), "") | U27: =IF(C27="","", 'First 5 Innings'!T22) -> 10 | V27: =IF(C27="","", 'First 5 Innings'!AJ22) -> 10 | W27: =IF(C27="","", 'First 5 Innings'!AK22) -> 10 | X27: =IF( OR(D27="Average", D27="", D28=""), "", IF(AND(U27 >= $E$7, U27 <= 9.99), C27 & " f5 " & ROUND(P27, 0) & " " & 'First 5 Innings'!Q22, "" ) ) | Y27: {=IF( OR(D27="Average", D27="", D28=""), "", _xludf.TEXTJOIN(CHAR(10), TRUE, IF(AND(V27 >= $F$7, V27 <= 9.99), _xludf.XLOOKUP('First 5 Innings'!D22, Validations!$E$2:$E$31, Validations!$H$2:$H$31) & " " & 'First 5 Innings'!$AJ$4 & " " & IF('First 5 Innings'!AD22 >= 2, ROUND(('First 5 Innings'!AD22 - 1) * 100, 0), ROUND(-100 / ('First 5 Innings'!AD22 - 1), 0) ) & " " & 'First 5 Innings'!AL22, "" ), IF(AND(W27 >= $F$7, W27 <= 9.99), _xludf.XLOOKUP('First 5 Innings'!D22, Validations!$E$2:$E$31, Validations!$H$2:$H$31) & " " & 'First 5 Innings'!$AK$4 & " " & IF('First 5 Innings'!AE22 >= 2, ROUND(('First 5 Innings'!AE22 - 1) * 100, 0), ROUND(-100 / ('First 5 Innings'!AE22 - 1), 0) ) & " " & 'First 5 Innings'!AM22, "" ) ) )} -> #NAME? | Z27: =IF('First 5 Innings'!W22<2, -100/('First 5 Innings'!W22-1), ('First 5 Innings'!W22-1)*100) -> -108.64566 | AA27: =IF('First 5 Innings'!AN22<2, -100/('First 5 Innings'!AN22-1), ('First 5 Innings'!AN22-1)*100) -> -236.29071 | AB27: =IF('First 5 Innings'!AO22<2, -100/('First 5 Innings'!AO22-1), ('First 5 Innings'!AO22-1)*100) -> 137.18351
B28: 10 | C28: =IFERROR(_xlfn.XLOOKUP('First 5 Innings'!D23,Validations!$E$2:$E$31,Validations!$H$2:$H$31),"") -> Chicago White Sox | D28: =IFERROR('First 5 Innings'!B23,"") -> Sean Burke | E28: ='First 5 Innings'!C23 -> R | F28: {=IFERROR(_xlfn.XLOOKUP(D28,'Starting Pitchers'!$B$4:$B1007,'Starting Pitchers'!$Z$4:$Z1007),"")} -> 163 | G28: {=IFERROR(_xludf.XLOOKUP(D28,'Starting Pitchers'!$B$4:$B1007,'Starting Pitchers'!#REF!),"")} | H28: =IF('First 5 Innings'!G23=0,"",'First 5 Innings'!G23) -> 1.7789999 | I28: =IF(C28="","", 'First 5 Innings'!H23) -> 0.55676541 | J28: =IF(C28="","", _xlfn.LET( _xlpm.prob, 'First 5 Innings'!H23, _xlpm.dec, 1 / _xlpm.prob, IF(ABS(_xlpm.prob - 0.5) < 0.0001, 100, IF(_xlpm.dec >= 2, ROUND((_xlpm.dec - 1) * 100, 0), ROUND(-100 / (_xlpm.dec - 1), 0) ) ) )) -> -126 | K28: =IFERROR('First 5 Innings'!AH23,"") -> 0.66637509 | L28: =IFERROR( _xlfn.LET( _xlpm.prob, K28, _xlpm.dec, 1 / _xlpm.prob, IF(ABS(_xlpm.prob - 0.5) < 0.0001, 100, IF(_xlpm.dec >= 2, ROUND((_xlpm.dec - 1) * 100, 0), ROUND(-100 / (_xlpm.dec - 1), 0) ) ) ), "") -> -200 | M28: =IFERROR('First 5 Innings'!AI23,"") -> 0.43825755 | N28: =IFERROR( _xludf.LET( prob, M28, dec, 1 / prob, IF(ABS(prob - 0.5) < 0.0001, 100, IF(dec >= 2, ROUND((dec - 1) * 100, 0), ROUND(-100 / (dec - 1), 0) ) ) ), "") | O28: ='First 5 Innings'!S23 -> 0 | P28: =IFERROR( _xlfn.LET( _xlpm.prob, 'First 5 Innings'!S23, _xlpm.dec, 1 / _xlpm.prob, IF(ABS(_xlpm.prob - 0.5) < 0.0001, 100, IF(_xlpm.dec >= 2, ROUND((_xlpm.dec - 1) * 100, 0), ROUND(-100 / (_xlpm.dec - 1), 0) ) ) ), "") | Q28: =IFERROR(1/'First 5 Innings'!AD23,"") | R28: =IFERROR( _xludf.LET( prob, Q28, dec, 1 / prob, IF(ABS(prob - 0.5) < 0.0001, 100, IF(dec >= 2, ROUND((dec - 1) * 100, 0), ROUND(-100 / (dec - 1), 0) ) ) ), "") | S28: =IFERROR(1/'First 5 Innings'!AE23,"") | T28: =IFERROR( _xludf.LET( prob, S28, dec, 1 / prob, IF(ABS(prob - 0.5) < 0.0001, 100, IF(dec >= 2, ROUND((dec - 1) * 100, 0), ROUND(-100 / (dec - 1), 0) ) ) ), "") | U28: =IF(C28="","", 'First 5 Innings'!T23) -> 10 | V28: =IF(C28="","", 'First 5 Innings'!AJ23) -> 10 | W28: =IF(C28="","", 'First 5 Innings'!AK23) -> 10 | X28: =IF( OR(D28="Average", D28="", D29=""), "", IF(AND(U28 >= $E$7, U28 <= 9.99), C28 & " f5 " & ROUND(P28, 0) & " " & 'First 5 Innings'!Q23, "" ) ) | Y28: {=IF( OR(D28="Average", D28="", D29=""), "", _xludf.TEXTJOIN(CHAR(10), TRUE, IF(AND(V28 >= $F$7, V28 <= 9.99), _xludf.XLOOKUP('First 5 Innings'!D23, Validations!$E$2:$E$31, Validations!$H$2:$H$31) & " " & 'First 5 Innings'!$AJ$4 & " " & IF('First 5 Innings'!AD23 >= 2, ROUND(('First 5 Innings'!AD23 - 1) * 100, 0), ROUND(-100 / ('First 5 Innings'!AD23 - 1), 0) ) & " " & 'First 5 Innings'!AL23, "" ), IF(AND(W28 >= $F$7, W28 <= 9.99), _xludf.XLOOKUP('First 5 Innings'!D23, Validations!$E$2:$E$31, Validations!$H$2:$H$31) & " " & 'First 5 Innings'!$AK$4 & " " & IF('First 5 Innings'!AE23 >= 2, ROUND(('First 5 Innings'!AE23 - 1) * 100, 0), ROUND(-100 / ('First 5 Innings'!AE23 - 1), 0) ) & " " & 'First 5 Innings'!AM23, "" ) ) )} -> #NAME? | Z28: =IF('First 5 Innings'!W23<2, -100/('First 5 Innings'!W23-1), ('First 5 Innings'!W23-1)*100) -> -103.05274 | AA28: =IF('First 5 Innings'!AN23<2, -100/('First 5 Innings'!AN23-1), ('First 5 Innings'!AN23-1)*100) -> -242.42923 | AB28: =IF('First 5 Innings'!AO23<2, -100/('First 5 Innings'!AO23-1), ('First 5 Innings'!AO23-1)*100) -> 166.06945
C29: =IFERROR(_xlfn.XLOOKUP('First 5 Innings'!D24,Validations!$E$2:$E$31,Validations!$H$2:$H$31),"") -> Milwaukee Brewers | D29: =IFERROR('First 5 Innings'!B24,"") -> Chad Patrick | E29: ='First 5 Innings'!C24 -> R | F29: {=IFERROR(_xlfn.XLOOKUP(D29,'Starting Pitchers'!$B$4:$B1007,'Starting Pitchers'!$Z$4:$Z1007),"")} -> 97 | G29: {=IFERROR(_xludf.XLOOKUP(D29,'Starting Pitchers'!$B$4:$B1007,'Starting Pitchers'!#REF!),"")} | H29: =IF('First 5 Innings'!G24=0,"",'First 5 Innings'!G24) -> 1.5298007 | I29: =IF(C29="","", 'First 5 Innings'!H24) -> 0.44323459 | J29: =IF(C29="","", _xlfn.LET( _xlpm.prob, 'First 5 Innings'!H24, _xlpm.dec, 1 / _xlpm.prob, IF(ABS(_xlpm.prob - 0.5) < 0.0001, 100, IF(_xlpm.dec >= 2, ROUND((_xlpm.dec - 1) * 100, 0), ROUND(-100 / (_xlpm.dec - 1), 0) ) ) )) -> 126 | K29: =IFERROR('First 5 Innings'!AH24,"") -> 0.56174245 | L29: =IFERROR( _xlfn.LET( _xlpm.prob, K29, _xlpm.dec, 1 / _xlpm.prob, IF(ABS(_xlpm.prob - 0.5) < 0.0001, 100, IF(_xlpm.dec >= 2, ROUND((_xlpm.dec - 1) * 100, 0), ROUND(-100 / (_xlpm.dec - 1), 0) ) ) ), "") -> -128 | M29: =IFERROR('First 5 Innings'!AI24,"") -> 0.33362491 | N29: =IFERROR( _xludf.LET( prob, M29, dec, 1 / prob, IF(ABS(prob - 0.5) < 0.0001, 100, IF(dec >= 2, ROUND((dec - 1) * 100, 0), ROUND(-100 / (dec - 1), 0) ) ) ), "") | O29: ='First 5 Innings'!S24 -> 0 | P29: =IFERROR( _xlfn.LET( _xlpm.prob, 'First 5 Innings'!S24, _xlpm.dec, 1 / _xlpm.prob, IF(ABS(_xlpm.prob - 0.5) < 0.0001, 100, IF(_xlpm.dec >= 2, ROUND((_xlpm.dec - 1) * 100, 0), ROUND(-100 / (_xlpm.dec - 1), 0) ) ) ), "") | Q29: =IFERROR(1/'First 5 Innings'!AD24,"") | R29: =IFERROR( _xludf.LET( prob, Q29, dec, 1 / prob, IF(ABS(prob - 0.5) < 0.0001, 100, IF(dec >= 2, ROUND((dec - 1) * 100, 0), ROUND(-100 / (dec - 1), 0) ) ) ), "") | S29: =IFERROR(1/'First 5 Innings'!AE24,"") | T29: =IFERROR( _xludf.LET( prob, S29, dec, 1 / prob, IF(ABS(prob - 0.5) < 0.0001, 100, IF(dec >= 2, ROUND((dec - 1) * 100, 0), ROUND(-100 / (dec - 1), 0) ) ) ), "") | U29: =IF(C29="","", 'First 5 Innings'!T24) -> 10 | V29: =IF(C29="","", 'First 5 Innings'!AJ24) -> 10 | W29: =IF(C29="","", 'First 5 Innings'!AK24) -> 10 | X29: =IF( OR(D29="Average", D29="", D30=""), "", IF(AND(U29 >= $E$7, U29 <= 9.99), C29 & " f5 " & ROUND(P29, 0) & " " & 'First 5 Innings'!Q24, "" ) ) | Y29: {=IF( OR(D29="Average", D29="", D30=""), "", _xludf.TEXTJOIN(CHAR(10), TRUE, IF(AND(V29 >= $F$7, V29 <= 9.99), _xludf.XLOOKUP('First 5 Innings'!D24, Validations!$E$2:$E$31, Validations!$H$2:$H$31) & " " & 'First 5 Innings'!$AJ$4 & " " & IF('First 5 Innings'!AD24 >= 2, ROUND(('First 5 Innings'!AD24 - 1) * 100, 0), ROUND(-100 / ('First 5 Innings'!AD24 - 1), 0) ) & " " & 'First 5 Innings'!AL24, "" ), IF(AND(W29 >= $F$7, W29 <= 9.99), _xludf.XLOOKUP('First 5 Innings'!D24, Validations!$E$2:$E$31, Validations!$H$2:$H$31) & " " & 'First 5 Innings'!$AK$4 & " " & IF('First 5 Innings'!AE24 >= 2, ROUND(('First 5 Innings'!AE24 - 1) * 100, 0), ROUND(-100 / ('First 5 Innings'!AE24 - 1), 0) ) & " " & 'First 5 Innings'!AM24, "" ) ) )} -> #NAME? | Z29: =IF('First 5 Innings'!W24<2, -100/('First 5 Innings'!W24-1), ('First 5 Innings'!W24-1)*100) -> 162.21133 | AA29: =IF('First 5 Innings'!AN24<2, -100/('First 5 Innings'!AN24-1), ('First 5 Innings'!AN24-1)*100) -> -136.50617 | AB29: =IF('First 5 Innings'!AO24<2, -100/('First 5 Innings'!AO24-1), ('First 5 Innings'!AO24-1)*100) -> 285.23289
B30: 11 | C30: =IFERROR(_xlfn.XLOOKUP('First 5 Innings'!D25,Validations!$E$2:$E$31,Validations!$H$2:$H$31),"") -> Kansas City Royals | D30: =IFERROR('First 5 Innings'!B25,"") -> Michael Wacha | E30: ='First 5 Innings'!C25 -> R | F30: {=IFERROR(_xlfn.XLOOKUP(D30,'Starting Pitchers'!$B$4:$B1007,'Starting Pitchers'!$Z$4:$Z1007),"")} -> 49 | G30: {=IFERROR(_xludf.XLOOKUP(D30,'Starting Pitchers'!$B$4:$B1007,'Starting Pitchers'!#REF!),"")} | H30: =IF('First 5 Innings'!G25=0,"",'First 5 Innings'!G25) -> 3.1117188 | I30: =IF(C30="","", 'First 5 Innings'!H25) -> 0.6811515 | J30: =IF(C30="","", _xlfn.LET( _xlpm.prob, 'First 5 Innings'!H25, _xlpm.dec, 1 / _xlpm.prob, IF(ABS(_xlpm.prob - 0.5) < 0.0001, 100, IF(_xlpm.dec >= 2, ROUND((_xlpm.dec - 1) * 100, 0), ROUND(-100 / (_xlpm.dec - 1), 0) ) ) )) -> -214 | K30: =IFERROR('First 5 Innings'!AH25,"") -> 0.76944418 | L30: =IFERROR( _xlfn.LET( _xlpm.prob, K30, _xlpm.dec, 1 / _xlpm.prob, IF(ABS(_xlpm.prob - 0.5) < 0.0001, 100, IF(_xlpm.dec >= 2, ROUND((_xlpm.dec - 1) * 100, 0), ROUND(-100 / (_xlpm.dec - 1), 0) ) ) ), "") -> -334 | M30: =IFERROR('First 5 Innings'!AI25,"") -> 0.60721892 | N30: =IFERROR( _xludf.LET( prob, M30, dec, 1 / prob, IF(ABS(prob - 0.5) < 0.0001, 100, IF(dec >= 2, ROUND((dec - 1) * 100, 0), ROUND(-100 / (dec - 1), 0) ) ) ), "") | O30: ='First 5 Innings'!S25 -> 0 | P30: =IFERROR( _xlfn.LET( _xlpm.prob, 'First 5 Innings'!S25, _xlpm.dec, 1 / _xlpm.prob, IF(ABS(_xlpm.prob - 0.5) < 0.0001, 100, IF(_xlpm.dec >= 2, ROUND((_xlpm.dec - 1) * 100, 0), ROUND(-100 / (_xlpm.dec - 1), 0) ) ) ), "") | Q30: =IFERROR(1/'First 5 Innings'!AD25,"") | R30: =IFERROR( _xludf.LET( prob, Q30, dec, 1 / prob, IF(ABS(prob - 0.5) < 0.0001, 100, IF(dec >= 2, ROUND((dec - 1) * 100, 0), ROUND(-100 / (dec - 1), 0) ) ) ), "") | S30: =IFERROR(1/'First 5 Innings'!AE25,"") | T30: =IFERROR( _xludf.LET( prob, S30, dec, 1 / prob, IF(ABS(prob - 0.5) < 0.0001, 100, IF(dec >= 2, ROUND((dec - 1) * 100, 0), ROUND(-100 / (dec - 1), 0) ) ) ), "") | U30: =IF(C30="","", 'First 5 Innings'!T25) -> 10 | V30: =IF(C30="","", 'First 5 Innings'!AJ25) -> 10 | W30: =IF(C30="","", 'First 5 Innings'!AK25) -> 10 | X30: =IF( OR(D30="Average", D30="", D31=""), "", IF(AND(U30 >= $E$7, U30 <= 9.99), C30 & " f5 " & ROUND(P30, 0) & " " & 'First 5 Innings'!Q25, "" ) ) | Y30: {=IF( OR(D30="Average", D30="", D31=""), "", _xludf.TEXTJOIN(CHAR(10), TRUE, IF(AND(V30 >= $F$7, V30 <= 9.99), _xludf.XLOOKUP('First 5 Innings'!D25, Validations!$E$2:$E$31, Validations!$H$2:$H$31) & " " & 'First 5 Innings'!$AJ$4 & " " & IF('First 5 Innings'!AD25 >= 2, ROUND(('First 5 Innings'!AD25 - 1) * 100, 0), ROUND(-100 / ('First 5 Innings'!AD25 - 1), 0) ) & " " & 'First 5 Innings'!AL25, "" ), IF(AND(W30 >= $F$7, W30 <= 9.99), _xludf.XLOOKUP('First 5 Innings'!D25, Validations!$E$2:$E$31, Validations!$H$2:$H$31) & " " & 'First 5 Innings'!$AK$4 & " " & IF('First 5 Innings'!AE25 >= 2, ROUND(('First 5 Innings'!AE25 - 1) * 100, 0), ROUND(-100 / ('First 5 Innings'!AE25 - 1), 0) ) & " " & 'First 5 Innings'!AM25, "" ) ) )} -> #NAME? | Z30: =IF('First 5 Innings'!W25<2, -100/('First 5 Innings'!W25-1), ('First 5 Innings'!W25-1)*100) -> -182.26572 | AA30: =IF('First 5 Innings'!AN25<2, -100/('First 5 Innings'!AN25-1), ('First 5 Innings'!AN25-1)*100) -> -512.76472 | AB30: =IF('First 5 Innings'!AO25<2, -100/('First 5 Innings'!AO25-1), ('First 5 Innings'!AO25-1)*100) -> -129.13527
C31: =IFERROR(_xlfn.XLOOKUP('First 5 Innings'!D26,Validations!$E$2:$E$31,Validations!$H$2:$H$31),"") -> Atlanta Braves | D31: =IFERROR('First 5 Innings'!B26,"") -> Reynaldo López | E31: ='First 5 Innings'!C26 -> R | F31: {=IFERROR(_xlfn.XLOOKUP(D31,'Starting Pitchers'!$B$4:$B1007,'Starting Pitchers'!$Z$4:$Z1007),"")} | G31: {=IFERROR(_xludf.XLOOKUP(D31,'Starting Pitchers'!$B$4:$B1007,'Starting Pitchers'!#REF!),"")} | H31: =IF('First 5 Innings'!G26=0,"",'First 5 Innings'!G26) -> 1.9808154 | I31: =IF(C31="","", 'First 5 Innings'!H26) -> 0.3188485 | J31: =IF(C31="","", _xlfn.LET( _xlpm.prob, 'First 5 Innings'!H26, _xlpm.dec, 1 / _xlpm.prob, IF(ABS(_xlpm.prob - 0.5) < 0.0001, 100, IF(_xlpm.dec >= 2, ROUND((_xlpm.dec - 1) * 100, 0), ROUND(-100 / (_xlpm.dec - 1), 0) ) ) )) -> 214 | K31: =IFERROR('First 5 Innings'!AH26,"") -> 0.39278108 | L31: =IFERROR( _xlfn.LET( _xlpm.prob, K31, _xlpm.dec, 1 / _xlpm.prob, IF(ABS(_xlpm.prob - 0.5) < 0.0001, 100, IF(_xlpm.dec >= 2, ROUND((_xlpm.dec - 1) * 100, 0), ROUND(-100 / (_xlpm.dec - 1), 0) ) ) ), "") -> 155 | M31: =IFERROR('First 5 Innings'!AI26,"") -> 0.23055582 | N31: =IFERROR( _xludf.LET( prob, M31, dec, 1 / prob, IF(ABS(prob - 0.5) < 0.0001, 100, IF(dec >= 2, ROUND((dec - 1) * 100, 0), ROUND(-100 / (dec - 1), 0) ) ) ), "") | O31: ='First 5 Innings'!S26 -> 0 | P31: =IFERROR( _xlfn.LET( _xlpm.prob, 'First 5 Innings'!S26, _xlpm.dec, 1 / _xlpm.prob, IF(ABS(_xlpm.prob - 0.5) < 0.0001, 100, IF(_xlpm.dec >= 2, ROUND((_xlpm.dec - 1) * 100, 0), ROUND(-100 / (_xlpm.dec - 1), 0) ) ) ), "") | Q31: =IFERROR(1/'First 5 Innings'!AD26,"") | R31: =IFERROR( _xludf.LET( prob, Q31, dec, 1 / prob, IF(ABS(prob - 0.5) < 0.0001, 100, IF(dec >= 2, ROUND((dec - 1) * 100, 0), ROUND(-100 / (dec - 1), 0) ) ) ), "") | S31: =IFERROR(1/'First 5 Innings'!AE26,"") | T31: =IFERROR( _xludf.LET( prob, S31, dec, 1 / prob, IF(ABS(prob - 0.5) < 0.0001, 100, IF(dec >= 2, ROUND((dec - 1) * 100, 0), ROUND(-100 / (dec - 1), 0) ) ) ), "") | U31: =IF(C31="","", 'First 5 Innings'!T26) -> 10 | V31: =IF(C31="","", 'First 5 Innings'!AJ26) -> 10 | W31: =IF(C31="","", 'First 5 Innings'!AK26) -> 10 | X31: =IF( OR(D31="Average", D31="", D32=""), "", IF(AND(U31 >= $E$7, U31 <= 9.99), C31 & " f5 " & ROUND(P31, 0) & " " & 'First 5 Innings'!Q26, "" ) ) | Y31: {=IF( OR(D31="Average", D31="", D32=""), "", _xludf.TEXTJOIN(CHAR(10), TRUE, IF(AND(V31 >= $F$7, V31 <= 9.99), _xludf.XLOOKUP('First 5 Innings'!D26, Validations!$E$2:$E$31, Validations!$H$2:$H$31) & " " & 'First 5 Innings'!$AJ$4 & " " & IF('First 5 Innings'!AD26 >= 2, ROUND(('First 5 Innings'!AD26 - 1) * 100, 0), ROUND(-100 / ('First 5 Innings'!AD26 - 1), 0) ) & " " & 'First 5 Innings'!AL26, "" ), IF(AND(W31 >= $F$7, W31 <= 9.99), _xludf.XLOOKUP('First 5 Innings'!D26, Validations!$E$2:$E$31, Validations!$H$2:$H$31) & " " & 'First 5 Innings'!$AK$4 & " " & IF('First 5 Innings'!AE26 >= 2, ROUND(('First 5 Innings'!AE26 - 1) * 100, 0), ROUND(-100 / ('First 5 Innings'!AE26 - 1), 0) ) & " " & 'First 5 Innings'!AM26, "" ) ) )} -> #NAME? | Z31: =IF('First 5 Innings'!W26<2, -100/('First 5 Innings'!W26-1), ('First 5 Innings'!W26-1)*100) -> 311.2434 | AA31: =IF('First 5 Innings'!AN26<2, -100/('First 5 Innings'!AN26-1), ('First 5 Innings'!AN26-1)*100) -> 173.2417 | AB31: =IF('First 5 Innings'!AO26<2, -100/('First 5 Innings'!AO26-1), ('First 5 Innings'!AO26-1)*100) -> 589.3603
B32: 12 | C32: =IFERROR(_xlfn.XLOOKUP('First 5 Innings'!D27,Validations!$E$2:$E$31,Validations!$H$2:$H$31),"") -> New York Yankees | D32: =IFERROR('First 5 Innings'!B27,"") -> Will Warren | E32: ='First 5 Innings'!C27 -> R | F32: {=IFERROR(_xlfn.XLOOKUP(D32,'Starting Pitchers'!$B$4:$B1007,'Starting Pitchers'!$Z$4:$Z1007),"")} -> 109 | G32: {=IFERROR(_xludf.XLOOKUP(D32,'Starting Pitchers'!$B$4:$B1007,'Starting Pitchers'!#REF!),"")} | H32: =IF('First 5 Innings'!G27=0,"",'First 5 Innings'!G27) -> 2.3086946 | I32: =IF(C32="","", 'First 5 Innings'!H27) -> 0.49668442 | J32: =IF(C32="","", _xlfn.LET( _xlpm.prob, 'First 5 Innings'!H27, _xlpm.dec, 1 / _xlpm.prob, IF(ABS(_xlpm.prob - 0.5) < 0.0001, 100, IF(_xlpm.dec >= 2, ROUND((_xlpm.dec - 1) * 100, 0), ROUND(-100 / (_xlpm.dec - 1), 0) ) ) )) -> 101 | K32: =IFERROR('First 5 Innings'!AH27,"") -> 0.59218736 | L32: =IFERROR( _xlfn.LET( _xlpm.prob, K32, _xlpm.dec, 1 / _xlpm.prob, IF(ABS(_xlpm.prob - 0.5) < 0.0001, 100, IF(_xlpm.dec >= 2, ROUND((_xlpm.dec - 1) * 100, 0), ROUND(-100 / (_xlpm.dec - 1), 0) ) ) ), "") -> -145 | M32: =IFERROR('First 5 Innings'!AI27,"") -> 0.40108147 | N32: =IFERROR( _xludf.LET( prob, M32, dec, 1 / prob, IF(ABS(prob - 0.5) < 0.0001, 100, IF(dec >= 2, ROUND((dec - 1) * 100, 0), ROUND(-100 / (dec - 1), 0) ) ) ), "") | O32: ='First 5 Innings'!S27 -> 0 | P32: =IFERROR( _xlfn.LET( _xlpm.prob, 'First 5 Innings'!S27, _xlpm.dec, 1 / _xlpm.prob, IF(ABS(_xlpm.prob - 0.5) < 0.0001, 100, IF(_xlpm.dec >= 2, ROUND((_xlpm.dec - 1) * 100, 0), ROUND(-100 / (_xlpm.dec - 1), 0) ) ) ), "") | Q32: =IFERROR(1/'First 5 Innings'!AD27,"") | R32: =IFERROR( _xludf.LET( prob, Q32, dec, 1 / prob, IF(ABS(prob - 0.5) < 0.0001, 100, IF(dec >= 2, ROUND((dec - 1) * 100, 0), ROUND(-100 / (dec - 1), 0) ) ) ), "") | S32: =IFERROR(1/'First 5 Innings'!AE27,"") | T32: =IFERROR( _xludf.LET( prob, S32, dec, 1 / prob, IF(ABS(prob - 0.5) < 0.0001, 100, IF(dec >= 2, ROUND((dec - 1) * 100, 0), ROUND(-100 / (dec - 1), 0) ) ) ), "") | U32: =IF(C32="","", 'First 5 Innings'!T27) -> 10 | V32: =IF(C32="","", 'First 5 Innings'!AJ27) -> 10 | W32: =IF(C32="","", 'First 5 Innings'!AK27) -> 10 | X32: =IF( OR(D32="Average", D32="", D33=""), "", IF(AND(U32 >= $E$7, U32 <= 9.99), C32 & " f5 " & ROUND(P32, 0) & " " & 'First 5 Innings'!Q27, "" ) ) | Y32: {=IF( OR(D32="Average", D32="", D33=""), "", _xludf.TEXTJOIN(CHAR(10), TRUE, IF(AND(V32 >= $F$7, V32 <= 9.99), _xludf.XLOOKUP('First 5 Innings'!D27, Validations!$E$2:$E$31, Validations!$H$2:$H$31) & " " & 'First 5 Innings'!$AJ$4 & " " & IF('First 5 Innings'!AD27 >= 2, ROUND(('First 5 Innings'!AD27 - 1) * 100, 0), ROUND(-100 / ('First 5 Innings'!AD27 - 1), 0) ) & " " & 'First 5 Innings'!AL27, "" ), IF(AND(W32 >= $F$7, W32 <= 9.99), _xludf.XLOOKUP('First 5 Innings'!D27, Validations!$E$2:$E$31, Validations!$H$2:$H$31) & " " & 'First 5 Innings'!$AK$4 & " " & IF('First 5 Innings'!AE27 >= 2, ROUND(('First 5 Innings'!AE27 - 1) * 100, 0), ROUND(-100 / ('First 5 Innings'!AE27 - 1), 0) ) & " " & 'First 5 Innings'!AM27, "" ) ) )} -> #NAME? | Z32: =IF('First 5 Innings'!W27<2, -100/('First 5 Innings'!W27-1), ('First 5 Innings'!W27-1)*100) -> 126.8806 | AA32: =IF('First 5 Innings'!AN27<2, -100/('First 5 Innings'!AN27-1), ('First 5 Innings'!AN27-1)*100) -> -159.89836 | AB32: =IF('First 5 Innings'!AO27<2, -100/('First 5 Innings'!AO27-1), ('First 5 Innings'!AO27-1)*100) -> 198.92241
C33: =IFERROR(_xlfn.XLOOKUP('First 5 Innings'!D28,Validations!$E$2:$E$31,Validations!$H$2:$H$31),"") -> San Francisco Giants | D33: =IFERROR('First 5 Innings'!B28,"") -> Tyler Mahle | E33: ='First 5 Innings'!C28 -> R | F33: {=IFERROR(_xlfn.XLOOKUP(D33,'Starting Pitchers'!$B$4:$B1007,'Starting Pitchers'!$Z$4:$Z1007),"")} | G33: {=IFERROR(_xludf.XLOOKUP(D33,'Starting Pitchers'!$B$4:$B1007,'Starting Pitchers'!#REF!),"")} | H33: =IF('First 5 Innings'!G28=0,"",'First 5 Innings'!G28) -> 2.3273876 | I33: =IF(C33="","", 'First 5 Innings'!H28) -> 0.50331558 | J33: =IF(C33="","", _xlfn.LET( _xlpm.prob, 'First 5 Innings'!H28, _xlpm.dec, 1 / _xlpm.prob, IF(ABS(_xlpm.prob - 0.5) < 0.0001, 100, IF(_xlpm.dec >= 2, ROUND((_xlpm.dec - 1) * 100, 0), ROUND(-100 / (_xlpm.dec - 1), 0) ) ) )) -> -101 | K33: =IFERROR('First 5 Innings'!AH28,"") -> 0.59891853 | L33: =IFERROR( _xlfn.LET( _xlpm.prob, K33, _xlpm.dec, 1 / _xlpm.prob, IF(ABS(_xlpm.prob - 0.5) < 0.0001, 100, IF(_xlpm.dec >= 2, ROUND((_xlpm.dec - 1) * 100, 0), ROUND(-100 / (_xlpm.dec - 1), 0) ) ) ), "") -> -149 | M33: =IFERROR('First 5 Innings'!AI28,"") -> 0.40781264 | N33: =IFERROR( _xludf.LET( prob, M33, dec, 1 / prob, IF(ABS(prob - 0.5) < 0.0001, 100, IF(dec >= 2, ROUND((dec - 1) * 100, 0), ROUND(-100 / (dec - 1), 0) ) ) ), "") | O33: ='First 5 Innings'!S28 -> 0 | P33: =IFERROR( _xlfn.LET( _xlpm.prob, 'First 5 Innings'!S28, _xlpm.dec, 1 / _xlpm.prob, IF(ABS(_xlpm.prob - 0.5) < 0.0001, 100, IF(_xlpm.dec >= 2, ROUND((_xlpm.dec - 1) * 100, 0), ROUND(-100 / (_xlpm.dec - 1), 0) ) ) ), "") | Q33: =IFERROR(1/'First 5 Innings'!AD28,"") | R33: =IFERROR( _xludf.LET( prob, Q33, dec, 1 / prob, IF(ABS(prob - 0.5) < 0.0001, 100, IF(dec >= 2, ROUND((dec - 1) * 100, 0), ROUND(-100 / (dec - 1), 0) ) ) ), "") | S33: =IFERROR(1/'First 5 Innings'!AE28,"") | T33: =IFERROR( _xludf.LET( prob, S33, dec, 1 / prob, IF(ABS(prob - 0.5) < 0.0001, 100, IF(dec >= 2, ROUND((dec - 1) * 100, 0), ROUND(-100 / (dec - 1), 0) ) ) ), "") | U33: =IF(C33="","", 'First 5 Innings'!T28) -> 10 | V33: =IF(C33="","", 'First 5 Innings'!AJ28) -> 10 | W33: =IF(C33="","", 'First 5 Innings'!AK28) -> 10 | X33: =IF( OR(D33="Average", D33="", D34=""), "", IF(AND(U33 >= $E$7, U33 <= 9.99), C33 & " f5 " & ROUND(P33, 0) & " " & 'First 5 Innings'!Q28, "" ) ) | Y33: {=IF( OR(D33="Average", D33="", D34=""), "", _xludf.TEXTJOIN(CHAR(10), TRUE, IF(AND(V33 >= $F$7, V33 <= 9.99), _xludf.XLOOKUP('First 5 Innings'!D28, Validations!$E$2:$E$31, Validations!$H$2:$H$31) & " " & 'First 5 Innings'!$AJ$4 & " " & IF('First 5 Innings'!AD28 >= 2, ROUND(('First 5 Innings'!AD28 - 1) * 100, 0), ROUND(-100 / ('First 5 Innings'!AD28 - 1), 0) ) & " " & 'First 5 Innings'!AL28, "" ), IF(AND(W33 >= $F$7, W33 <= 9.99), _xludf.XLOOKUP('First 5 Innings'!D28, Validations!$E$2:$E$31, Validations!$H$2:$H$31) & " " & 'First 5 Innings'!$AK$4 & " " & IF('First 5 Innings'!AE28 >= 2, ROUND(('First 5 Innings'!AE28 - 1) * 100, 0), ROUND(-100 / ('First 5 Innings'!AE28 - 1), 0) ) & " " & 'First 5 Innings'!AM28, "" ) ) )} -> #NAME? | Z33: =IF('First 5 Innings'!W28<2, -100/('First 5 Innings'!W28-1), ('First 5 Innings'!W28-1)*100) -> 123.15032 | AA33: =IF('First 5 Innings'!AN28<2, -100/('First 5 Innings'!AN28-1), ('First 5 Innings'!AN28-1)*100) -> -165.70881 | AB33: =IF('First 5 Innings'!AO28<2, -100/('First 5 Innings'!AO28-1), ('First 5 Innings'!AO28-1)*100) -> 192.38566
B34: 13 | C34: =IFERROR(_xlfn.XLOOKUP('First 5 Innings'!D29,Validations!$E$2:$E$31,Validations!$H$2:$H$31),"") -> Detroit Tigers | D34: =IFERROR('First 5 Innings'!B29,"") -> Jack Flaherty | E34: ='First 5 Innings'!C29 -> R | F34: {=IFERROR(_xlfn.XLOOKUP(D34,'Starting Pitchers'!$B$4:$B1007,'Starting Pitchers'!$Z$4:$Z1007),"")} -> 70 | G34: {=IFERROR(_xludf.XLOOKUP(D34,'Starting Pitchers'!$B$4:$B1007,'Starting Pitchers'!#REF!),"")} | H34: =IF('First 5 Innings'!G29=0,"",'First 5 Innings'!G29) -> 2.2923967 | I34: =IF(C34="","", 'First 5 Innings'!H29) -> 0.54822678 | J34: =IF(C34="","", _xlfn.LET( _xlpm.prob, 'First 5 Innings'!H29, _xlpm.dec, 1 / _xlpm.prob, IF(ABS(_xlpm.prob - 0.5) < 0.0001, 100, IF(_xlpm.dec >= 2, ROUND((_xlpm.dec - 1) * 100, 0), ROUND(-100 / (_xlpm.dec - 1), 0) ) ) )) -> -121 | K34: =IFERROR('First 5 Innings'!AH29,"") -> 0.64652805 | L34: =IFERROR( _xlfn.LET( _xlpm.prob, K34, _xlpm.dec, 1 / _xlpm.prob, IF(ABS(_xlpm.prob - 0.5) < 0.0001, 100, IF(_xlpm.dec >= 2, ROUND((_xlpm.dec - 1) * 100, 0), ROUND(-100 / (_xlpm.dec - 1), 0) ) ) ), "") -> -183 | M34: =IFERROR('First 5 Innings'!AI29,"") -> 0.44949443 | N34: =IFERROR( _xludf.LET( prob, M34, dec, 1 / prob, IF(ABS(prob - 0.5) < 0.0001, 100, IF(dec >= 2, ROUND((dec - 1) * 100, 0), ROUND(-100 / (dec - 1), 0) ) ) ), "") | O34: ='First 5 Innings'!S29 -> 0 | P34: =IFERROR( _xlfn.LET( _xlpm.prob, 'First 5 Innings'!S29, _xlpm.dec, 1 / _xlpm.prob, IF(ABS(_xlpm.prob - 0.5) < 0.0001, 100, IF(_xlpm.dec >= 2, ROUND((_xlpm.dec - 1) * 100, 0), ROUND(-100 / (_xlpm.dec - 1), 0) ) ) ), "") | Q34: =IFERROR(1/'First 5 Innings'!AD29,"") | R34: =IFERROR( _xludf.LET( prob, Q34, dec, 1 / prob, IF(ABS(prob - 0.5) < 0.0001, 100, IF(dec >= 2, ROUND((dec - 1) * 100, 0), ROUND(-100 / (dec - 1), 0) ) ) ), "") | S34: =IFERROR(1/'First 5 Innings'!AE29,"") | T34: =IFERROR( _xludf.LET( prob, S34, dec, 1 / prob, IF(ABS(prob - 0.5) < 0.0001, 100, IF(dec >= 2, ROUND((dec - 1) * 100, 0), ROUND(-100 / (dec - 1), 0) ) ) ), "") | U34: =IF(C34="","", 'First 5 Innings'!T29) -> 10 | V34: =IF(C34="","", 'First 5 Innings'!AJ29) -> 10 | W34: =IF(C34="","", 'First 5 Innings'!AK29) -> 10 | X34: =IF( OR(D34="Average", D34="", D35=""), "", IF(AND(U34 >= $E$7, U34 <= 9.99), C34 & " f5 " & ROUND(P34, 0) & " " & 'First 5 Innings'!Q29, "" ) ) | Y34: {=IF( OR(D34="Average", D34="", D35=""), "", _xludf.TEXTJOIN(CHAR(10), TRUE, IF(AND(V34 >= $F$7, V34 <= 9.99), _xludf.XLOOKUP('First 5 Innings'!D29, Validations!$E$2:$E$31, Validations!$H$2:$H$31) & " " & 'First 5 Innings'!$AJ$4 & " " & IF('First 5 Innings'!AD29 >= 2, ROUND(('First 5 Innings'!AD29 - 1) * 100, 0), ROUND(-100 / ('First 5 Innings'!AD29 - 1), 0) ) & " " & 'First 5 Innings'!AL29, "" ), IF(AND(W34 >= $F$7, W34 <= 9.99), _xludf.XLOOKUP('First 5 Innings'!D29, Validations!$E$2:$E$31, Validations!$H$2:$H$31) & " " & 'First 5 Innings'!$AK$4 & " " & IF('First 5 Innings'!AE29 >= 2, ROUND(('First 5 Innings'!AE29 - 1) * 100, 0), ROUND(-100 / ('First 5 Innings'!AE29 - 1), 0) ) & " " & 'First 5 Innings'!AM29, "" ) ) )} -> #NAME? | Z34: =IF('First 5 Innings'!W29<2, -100/('First 5 Innings'!W29-1), ('First 5 Innings'!W29-1)*100) -> 100.79121 | AA34: =IF('First 5 Innings'!AN29<2, -100/('First 5 Innings'!AN29-1), ('First 5 Innings'!AN29-1)*100) -> -215.61677 | AB34: =IF('First 5 Innings'!AO29<2, -100/('First 5 Innings'!AO29-1), ('First 5 Innings'!AO29-1)*100) -> 157.51484
C35: =IFERROR(_xlfn.XLOOKUP('First 5 Innings'!D30,Validations!$E$2:$E$31,Validations!$H$2:$H$31),"") -> San Diego Padres | D35: =IFERROR('First 5 Innings'!B30,"") -> Randy Vásquez | E35: ='First 5 Innings'!C30 -> R | F35: {=IFERROR(_xlfn.XLOOKUP(D35,'Starting Pitchers'!$B$4:$B1007,'Starting Pitchers'!$Z$4:$Z1007),"")} -> 44 | G35: {=IFERROR(_xludf.XLOOKUP(D35,'Starting Pitchers'!$B$4:$B1007,'Starting Pitchers'!#REF!),"")} | H35: =IF('First 5 Innings'!G30=0,"",'First 5 Innings'!G30) -> 2.033712 | I35: =IF(C35="","", 'First 5 Innings'!H30) -> 0.45177322 | J35: =IF(C35="","", _xlfn.LET( _xlpm.prob, 'First 5 Innings'!H30, _xlpm.dec, 1 / _xlpm.prob, IF(ABS(_xlpm.prob - 0.5) < 0.0001, 100, IF(_xlpm.dec >= 2, ROUND((_xlpm.dec - 1) * 100, 0), ROUND(-100 / (_xlpm.dec - 1), 0) ) ) )) -> 121 | K35: =IFERROR('First 5 Innings'!AH30,"") -> 0.55050557 | L35: =IFERROR( _xlfn.LET( _xlpm.prob, K35, _xlpm.dec, 1 / _xlpm.prob, IF(ABS(_xlpm.prob - 0.5) < 0.0001, 100, IF(_xlpm.dec >= 2, ROUND((_xlpm.dec - 1) * 100, 0), ROUND(-100 / (_xlpm.dec - 1), 0) ) ) ), "") -> -122 | M35: =IFERROR('First 5 Innings'!AI30,"") -> 0.35347195 | N35: =IFERROR( _xludf.LET( prob, M35, dec, 1 / prob, IF(ABS(prob - 0.5) < 0.0001, 100, IF(dec >= 2, ROUND((dec - 1) * 100, 0), ROUND(-100 / (dec - 1), 0) ) ) ), "") | O35: ='First 5 Innings'!S30 -> 0 | P35: =IFERROR( _xlfn.LET( _xlpm.prob, 'First 5 Innings'!S30, _xlpm.dec, 1 / _xlpm.prob, IF(ABS(_xlpm.prob - 0.5) < 0.0001, 100, IF(_xlpm.dec >= 2, ROUND((_xlpm.dec - 1) * 100, 0), ROUND(-100 / (_xlpm.dec - 1), 0) ) ) ), "") | Q35: =IFERROR(1/'First 5 Innings'!AD30,"") | R35: =IFERROR( _xludf.LET( prob, Q35, dec, 1 / prob, IF(ABS(prob - 0.5) < 0.0001, 100, IF(dec >= 2, ROUND((dec - 1) * 100, 0), ROUND(-100 / (dec - 1), 0) ) ) ), "") | S35: =IFERROR(1/'First 5 Innings'!AE30,"") | T35: =IFERROR( _xludf.LET( prob, S35, dec, 1 / prob, IF(ABS(prob - 0.5) < 0.0001, 100, IF(dec >= 2, ROUND((dec - 1) * 100, 0), ROUND(-100 / (dec - 1), 0) ) ) ), "") | U35: =IF(C35="","", 'First 5 Innings'!T30) -> 10 | V35: =IF(C35="","", 'First 5 Innings'!AJ30) -> 10 | W35: =IF(C35="","", 'First 5 Innings'!AK30) -> 10 | X35: =IF( OR(D35="Average", D35="", D36=""), "", IF(AND(U35 >= $E$7, U35 <= 9.99), C35 & " f5 " & ROUND(P35, 0) & " " & 'First 5 Innings'!Q30, "" ) ) | Y35: {=IF( OR(D35="Average", D35="", D36=""), "", _xludf.TEXTJOIN(CHAR(10), TRUE, IF(AND(V35 >= $F$7, V35 <= 9.99), _xludf.XLOOKUP('First 5 Innings'!D30, Validations!$E$2:$E$31, Validations!$H$2:$H$31) & " " & 'First 5 Innings'!$AJ$4 & " " & IF('First 5 Innings'!AD30 >= 2, ROUND(('First 5 Innings'!AD30 - 1) * 100, 0), ROUND(-100 / ('First 5 Innings'!AD30 - 1), 0) ) & " " & 'First 5 Innings'!AL30, "" ), IF(AND(W35 >= $F$7, W35 <= 9.99), _xludf.XLOOKUP('First 5 Innings'!D30, Validations!$E$2:$E$31, Validations!$H$2:$H$31) & " " & 'First 5 Innings'!$AK$4 & " " & IF('First 5 Innings'!AE30 >= 2, ROUND(('First 5 Innings'!AE30 - 1) * 100, 0), ROUND(-100 / ('First 5 Innings'!AE30 - 1), 0) ) & " " & 'First 5 Innings'!AM30, "" ) ) )} -> #NAME? | Z35: =IF('First 5 Innings'!W30<2, -100/('First 5 Innings'!W30-1), ('First 5 Innings'!W30-1)*100) -> 155.84665 | AA35: =IF('First 5 Innings'!AN30<2, -100/('First 5 Innings'!AN30-1), ('First 5 Innings'!AN30-1)*100) -> -128.90208 | AB35: =IF('First 5 Innings'!AO30<2, -100/('First 5 Innings'!AO30-1), ('First 5 Innings'!AO30-1)*100) -> 255.06887
B36: 14 | C36: =IFERROR(_xlfn.XLOOKUP('First 5 Innings'!D31,Validations!$E$2:$E$31,Validations!$H$2:$H$31),"") -> Arizona Diamondbacks | D36: =IFERROR('First 5 Innings'!B31,"") -> Eduardo Rodriguez | E36: ='First 5 Innings'!C31 -> L | F36: {=IFERROR(_xlfn.XLOOKUP(D36,'Starting Pitchers'!$B$4:$B1007,'Starting Pitchers'!$Z$4:$Z1007),"")} -> 100 | G36: {=IFERROR(_xludf.XLOOKUP(D36,'Starting Pitchers'!$B$4:$B1007,'Starting Pitchers'!#REF!),"")} | H36: =IF('First 5 Innings'!G31=0,"",'First 5 Innings'!G31) -> 1.885223 | I36: =IF(C36="","", 'First 5 Innings'!H31) -> 0.58263952 | J36: =IF(C36="","", _xlfn.LET( _xlpm.prob, 'First 5 Innings'!H31, _xlpm.dec, 1 / _xlpm.prob, IF(ABS(_xlpm.prob - 0.5) < 0.0001, 100, IF(_xlpm.dec >= 2, ROUND((_xlpm.dec - 1) * 100, 0), ROUND(-100 / (_xlpm.dec - 1), 0) ) ) )) -> -140 | K36: =IFERROR('First 5 Innings'!AH31,"") -> 0.68813509 | L36: =IFERROR( _xlfn.LET( _xlpm.prob, K36, _xlpm.dec, 1 / _xlpm.prob, IF(ABS(_xlpm.prob - 0.5) < 0.0001, 100, IF(_xlpm.dec >= 2, ROUND((_xlpm.dec - 1) * 100, 0), ROUND(-100 / (_xlpm.dec - 1), 0) ) ) ), "") -> -221 | M36: =IFERROR('First 5 Innings'!AI31,"") -> 0.46548504 | N36: =IFERROR( _xludf.LET( prob, M36, dec, 1 / prob, IF(ABS(prob - 0.5) < 0.0001, 100, IF(dec >= 2, ROUND((dec - 1) * 100, 0), ROUND(-100 / (dec - 1), 0) ) ) ), "") | O36: ='First 5 Innings'!S31 -> 0 | P36: =IFERROR( _xlfn.LET( _xlpm.prob, 'First 5 Innings'!S31, _xlpm.dec, 1 / _xlpm.prob, IF(ABS(_xlpm.prob - 0.5) < 0.0001, 100, IF(_xlpm.dec >= 2, ROUND((_xlpm.dec - 1) * 100, 0), ROUND(-100 / (_xlpm.dec - 1), 0) ) ) ), "") | Q36: =IFERROR(1/'First 5 Innings'!AD31,"") | R36: =IFERROR( _xludf.LET( prob, Q36, dec, 1 / prob, IF(ABS(prob - 0.5) < 0.0001, 100, IF(dec >= 2, ROUND((dec - 1) * 100, 0), ROUND(-100 / (dec - 1), 0) ) ) ), "") | S36: =IFERROR(1/'First 5 Innings'!AE31,"") | T36: =IFERROR( _xludf.LET( prob, S36, dec, 1 / prob, IF(ABS(prob - 0.5) < 0.0001, 100, IF(dec >= 2, ROUND((dec - 1) * 100, 0), ROUND(-100 / (dec - 1), 0) ) ) ), "") | U36: =IF(C36="","", 'First 5 Innings'!T31) -> 10 | V36: =IF(C36="","", 'First 5 Innings'!AJ31) -> 10 | W36: =IF(C36="","", 'First 5 Innings'!AK31) -> 10 | X36: =IF( OR(D36="Average", D36="", D37=""), "", IF(AND(U36 >= $E$7, U36 <= 9.99), C36 & " f5 " & ROUND(P36, 0) & " " & 'First 5 Innings'!Q31, "" ) ) | Y36: {=IF( OR(D36="Average", D36="", D37=""), "", _xludf.TEXTJOIN(CHAR(10), TRUE, IF(AND(V36 >= $F$7, V36 <= 9.99), _xludf.XLOOKUP('First 5 Innings'!D31, Validations!$E$2:$E$31, Validations!$H$2:$H$31) & " " & 'First 5 Innings'!$AJ$4 & " " & IF('First 5 Innings'!AD31 >= 2, ROUND(('First 5 Innings'!AD31 - 1) * 100, 0), ROUND(-100 / ('First 5 Innings'!AD31 - 1), 0) ) & " " & 'First 5 Innings'!AL31, "" ), IF(AND(W36 >= $F$7, W36 <= 9.99), _xludf.XLOOKUP('First 5 Innings'!D31, Validations!$E$2:$E$31, Validations!$H$2:$H$31) & " " & 'First 5 Innings'!$AK$4 & " " & IF('First 5 Innings'!AE31 >= 2, ROUND(('First 5 Innings'!AE31 - 1) * 100, 0), ROUND(-100 / ('First 5 Innings'!AE31 - 1), 0) ) & " " & 'First 5 Innings'!AM31, "" ) ) )} -> #NAME? | Z36: =IF('First 5 Innings'!W31<2, -100/('First 5 Innings'!W31-1), ('First 5 Innings'!W31-1)*100) -> -115.64092 | AA36: =IF('First 5 Innings'!AN31<2, -100/('First 5 Innings'!AN31-1), ('First 5 Innings'!AN31-1)*100) -> -277.5991 | AB36: =IF('First 5 Innings'!AO31<2, -100/('First 5 Innings'!AO31-1), ('First 5 Innings'!AO31-1)*100) -> 146.24811
C37: =IFERROR(_xlfn.XLOOKUP('First 5 Innings'!D32,Validations!$E$2:$E$31,Validations!$H$2:$H$31),"") -> Los Angeles Dodgers | D37: =IFERROR('First 5 Innings'!B32,"") -> Tyler Glasnow | E37: ='First 5 Innings'!C32 -> R | F37: {=IFERROR(_xlfn.XLOOKUP(D37,'Starting Pitchers'!$B$4:$B1007,'Starting Pitchers'!$Z$4:$Z1007),"")} -> 18 | G37: {=IFERROR(_xludf.XLOOKUP(D37,'Starting Pitchers'!$B$4:$B1007,'Starting Pitchers'!#REF!),"")} | H37: =IF('First 5 Innings'!G32=0,"",'First 5 Innings'!G32) -> 1.5138561 | I37: =IF(C37="","", 'First 5 Innings'!H32) -> 0.41736048 | J37: =IF(C37="","", _xlfn.LET( _xlpm.prob, 'First 5 Innings'!H32, _xlpm.dec, 1 / _xlpm.prob, IF(ABS(_xlpm.prob - 0.5) < 0.0001, 100, IF(_xlpm.dec >= 2, ROUND((_xlpm.dec - 1) * 100, 0), ROUND(-100 / (_xlpm.dec - 1), 0) ) ) )) -> 140 | K37: =IFERROR('First 5 Innings'!AH32,"") -> 0.53451496 | L37: =IFERROR( _xlfn.LET( _xlpm.prob, K37, _xlpm.dec, 1 / _xlpm.prob, IF(ABS(_xlpm.prob - 0.5) < 0.0001, 100, IF(_xlpm.dec >= 2, ROUND((_xlpm.dec - 1) * 100, 0), ROUND(-100 / (_xlpm.dec - 1), 0) ) ) ), "") -> -115 | M37: =IFERROR('First 5 Innings'!AI32,"") -> 0.31186491 | N37: =IFERROR( _xludf.LET( prob, M37, dec, 1 / prob, IF(ABS(prob - 0.5) < 0.0001, 100, IF(dec >= 2, ROUND((dec - 1) * 100, 0), ROUND(-100 / (dec - 1), 0) ) ) ), "") | O37: ='First 5 Innings'!S32 -> 0 | P37: =IFERROR( _xlfn.LET( _xlpm.prob, 'First 5 Innings'!S32, _xlpm.dec, 1 / _xlpm.prob, IF(ABS(_xlpm.prob - 0.5) < 0.0001, 100, IF(_xlpm.dec >= 2, ROUND((_xlpm.dec - 1) * 100, 0), ROUND(-100 / (_xlpm.dec - 1), 0) ) ) ), "") | Q37: =IFERROR(1/'First 5 Innings'!AD32,"") | R37: =IFERROR( _xludf.LET( prob, Q37, dec, 1 / prob, IF(ABS(prob - 0.5) < 0.0001, 100, IF(dec >= 2, ROUND((dec - 1) * 100, 0), ROUND(-100 / (dec - 1), 0) ) ) ), "") | S37: =IFERROR(1/'First 5 Innings'!AE32,"") | T37: =IFERROR( _xludf.LET( prob, S37, dec, 1 / prob, IF(ABS(prob - 0.5) < 0.0001, 100, IF(dec >= 2, ROUND((dec - 1) * 100, 0), ROUND(-100 / (dec - 1), 0) ) ) ), "") | U37: =IF(C37="","", 'First 5 Innings'!T32) -> 10 | V37: =IF(C37="","", 'First 5 Innings'!AJ32) -> 10 | W37: =IF(C37="","", 'First 5 Innings'!AK32) -> 10 | X37: =IF( OR(D37="Average", D37="", D38=""), "", IF(AND(U37 >= $E$7, U37 <= 9.99), C37 & " f5 " & ROUND(P37, 0) & " " & 'First 5 Innings'!Q32, "" ) ) | Y37: {=IF( OR(D37="Average", D37="", D38=""), "", _xludf.TEXTJOIN(CHAR(10), TRUE, IF(AND(V37 >= $F$7, V37 <= 9.99), _xludf.XLOOKUP('First 5 Innings'!D32, Validations!$E$2:$E$31, Validations!$H$2:$H$31) & " " & 'First 5 Innings'!$AJ$4 & " " & IF('First 5 Innings'!AD32 >= 2, ROUND(('First 5 Innings'!AD32 - 1) * 100, 0), ROUND(-100 / ('First 5 Innings'!AD32 - 1), 0) ) & " " & 'First 5 Innings'!AL32, "" ), IF(AND(W37 >= $F$7, W37 <= 9.99), _xludf.XLOOKUP('First 5 Innings'!D32, Validations!$E$2:$E$31, Validations!$H$2:$H$31) & " " & 'First 5 Innings'!$AK$4 & " " & IF('First 5 Innings'!AE32 >= 2, ROUND(('First 5 Innings'!AE32 - 1) * 100, 0), ROUND(-100 / ('First 5 Innings'!AE32 - 1), 0) ) & " " & 'First 5 Innings'!AM32, "" ) ) )} -> #NAME? | Z37: =IF('First 5 Innings'!W32<2, -100/('First 5 Innings'!W32-1), ('First 5 Innings'!W32-1)*100) -> 183.58918 | AA37: =IF('First 5 Innings'!AN32<2, -100/('First 5 Innings'!AN32-1), ('First 5 Innings'!AN32-1)*100) -> -118.88721 | AB37: =IF('First 5 Innings'!AO32<2, -100/('First 5 Innings'!AO32-1), ('First 5 Innings'!AO32-1)*100) -> 324.79899
B38: 15 | C38: =IFERROR(_xlfn.XLOOKUP('First 5 Innings'!D33,Validations!$E$2:$E$31,Validations!$H$2:$H$31),"") -> Cleveland Guardians | D38: =IFERROR('First 5 Innings'!B33,"") -> Joey Cantillo | E38: ='First 5 Innings'!C33 -> L | F38: {=IFERROR(_xlfn.XLOOKUP(D38,'Starting Pitchers'!$B$4:$B1007,'Starting Pitchers'!$Z$4:$Z1007),"")} -> 14 | G38: {=IFERROR(_xludf.XLOOKUP(D38,'Starting Pitchers'!$B$4:$B1007,'Starting Pitchers'!#REF!),"")} | H38: =IF('First 5 Innings'!G33=0,"",'First 5 Innings'!G33) -> 1.581934 | I38: =IF(C38="","", 'First 5 Innings'!H33) -> 0.52758183 | J38: =IF(C38="","", _xlfn.LET( _xlpm.prob, 'First 5 Innings'!H33, _xlpm.dec, 1 / _xlpm.prob, IF(ABS(_xlpm.prob - 0.5) < 0.0001, 100, IF(_xlpm.dec >= 2, ROUND((_xlpm.dec - 1) * 100, 0), ROUND(-100 / (_xlpm.dec - 1), 0) ) ) )) -> -112 | K38: =IFERROR('First 5 Innings'!AH33,"") -> 0.64494419 | L38: =IFERROR( _xlfn.LET( _xlpm.prob, K38, _xlpm.dec, 1 / _xlpm.prob, IF(ABS(_xlpm.prob - 0.5) < 0.0001, 100, IF(_xlpm.dec >= 2, ROUND((_xlpm.dec - 1) * 100, 0), ROUND(-100 / (_xlpm.dec - 1), 0) ) ) ), "") -> -182 | M38: =IFERROR('First 5 Innings'!AI33,"") -> 0.40464406 | N38: =IFERROR( _xludf.LET( prob, M38, dec, 1 / prob, IF(ABS(prob - 0.5) < 0.0001, 100, IF(dec >= 2, ROUND((dec - 1) * 100, 0), ROUND(-100 / (dec - 1), 0) ) ) ), "") | O38: ='First 5 Innings'!S33 -> 0 | P38: =IFERROR( _xlfn.LET( _xlpm.prob, 'First 5 Innings'!S33, _xlpm.dec, 1 / _xlpm.prob, IF(ABS(_xlpm.prob - 0.5) < 0.0001, 100, IF(_xlpm.dec >= 2, ROUND((_xlpm.dec - 1) * 100, 0), ROUND(-100 / (_xlpm.dec - 1), 0) ) ) ), "") | Q38: =IFERROR(1/'First 5 Innings'!AD33,"") | R38: =IFERROR( _xludf.LET( prob, Q38, dec, 1 / prob, IF(ABS(prob - 0.5) < 0.0001, 100, IF(dec >= 2, ROUND((dec - 1) * 100, 0), ROUND(-100 / (dec - 1), 0) ) ) ), "") | S38: =IFERROR(1/'First 5 Innings'!AE33,"") | T38: =IFERROR( _xludf.LET( prob, S38, dec, 1 / prob, IF(ABS(prob - 0.5) < 0.0001, 100, IF(dec >= 2, ROUND((dec - 1) * 100, 0), ROUND(-100 / (dec - 1), 0) ) ) ), "") | U38: =IF(C38="","", 'First 5 Innings'!T33) -> 10 | V38: =IF(C38="","", 'First 5 Innings'!AJ33) -> 10 | W38: =IF(C38="","", 'First 5 Innings'!AK33) -> 10 | X38: =IF( OR(D38="Average", D38="", D39=""), "", IF(AND(U38 >= $E$7, U38 <= 9.99), C38 & " f5 " & ROUND(P38, 0) & " " & 'First 5 Innings'!Q33, "" ) ) | Y38: {=IF( OR(D38="Average", D38="", D39=""), "", _xludf.TEXTJOIN(CHAR(10), TRUE, IF(AND(V38 >= $F$7, V38 <= 9.99), _xludf.XLOOKUP('First 5 Innings'!D33, Validations!$E$2:$E$31, Validations!$H$2:$H$31) & " " & 'First 5 Innings'!$AJ$4 & " " & IF('First 5 Innings'!AD33 >= 2, ROUND(('First 5 Innings'!AD33 - 1) * 100, 0), ROUND(-100 / ('First 5 Innings'!AD33 - 1), 0) ) & " " & 'First 5 Innings'!AL33, "" ), IF(AND(W38 >= $F$7, W38 <= 9.99), _xludf.XLOOKUP('First 5 Innings'!D33, Validations!$E$2:$E$31, Validations!$H$2:$H$31) & " " & 'First 5 Innings'!$AK$4 & " " & IF('First 5 Innings'!AE33 >= 2, ROUND(('First 5 Innings'!AE33 - 1) * 100, 0), ROUND(-100 / ('First 5 Innings'!AE33 - 1), 0) ) & " " & 'First 5 Innings'!AM33, "" ) ) )} -> #NAME? | Z38: =IF('First 5 Innings'!W33<2, -100/('First 5 Innings'!W33-1), ('First 5 Innings'!W33-1)*100) -> 110.48602 | AA38: =IF('First 5 Innings'!AN33<2, -100/('First 5 Innings'!AN33-1), ('First 5 Innings'!AN33-1)*100) -> -213.65684 | AB38: =IF('First 5 Innings'!AO33<2, -100/('First 5 Innings'!AO33-1), ('First 5 Innings'!AO33-1)*100) -> 195.42673
C39: =IFERROR(_xlfn.XLOOKUP('First 5 Innings'!D34,Validations!$E$2:$E$31,Validations!$H$2:$H$31),"") -> Seattle Mariners | D39: =IFERROR('First 5 Innings'!B34,"") -> Bryan Woo | E39: ='First 5 Innings'!C34 -> R | F39: {=IFERROR(_xlfn.XLOOKUP(D39,'Starting Pitchers'!$B$4:$B1007,'Starting Pitchers'!$Z$4:$Z1007),"")} -> 6 | G39: {=IFERROR(_xludf.XLOOKUP(D39,'Starting Pitchers'!$B$4:$B1007,'Starting Pitchers'!#REF!),"")} | H39: =IF('First 5 Innings'!G34=0,"",'First 5 Innings'!G34) -> 1.4682907 | I39: =IF(C39="","", 'First 5 Innings'!H34) -> 0.47241817 | J39: =IF(C39="","", _xlfn.LET( _xlpm.prob, 'First 5 Innings'!H34, _xlpm.dec, 1 / _xlpm.prob, IF(ABS(_xlpm.prob - 0.5) < 0.0001, 100, IF(_xlpm.dec >= 2, ROUND((_xlpm.dec - 1) * 100, 0), ROUND(-100 / (_xlpm.dec - 1), 0) ) ) )) -> 112 | K39: =IFERROR('First 5 Innings'!AH34,"") -> 0.59535594 | L39: =IFERROR( _xlfn.LET( _xlpm.prob, K39, _xlpm.dec, 1 / _xlpm.prob, IF(ABS(_xlpm.prob - 0.5) < 0.0001, 100, IF(_xlpm.dec >= 2, ROUND((_xlpm.dec - 1) * 100, 0), ROUND(-100 / (_xlpm.dec - 1), 0) ) ) ), "") -> -147 | M39: =IFERROR('First 5 Innings'!AI34,"") -> 0.35505581 | N39: =IFERROR( _xludf.LET( prob, M39, dec, 1 / prob, IF(ABS(prob - 0.5) < 0.0001, 100, IF(dec >= 2, ROUND((dec - 1) * 100, 0), ROUND(-100 / (dec - 1), 0) ) ) ), "") | O39: ='First 5 Innings'!S34 -> 0 | P39: =IFERROR( _xlfn.LET( _xlpm.prob, 'First 5 Innings'!S34, _xlpm.dec, 1 / _xlpm.prob, IF(ABS(_xlpm.prob - 0.5) < 0.0001, 100, IF(_xlpm.dec >= 2, ROUND((_xlpm.dec - 1) * 100, 0), ROUND(-100 / (_xlpm.dec - 1), 0) ) ) ), "") | Q39: =IFERROR(1/'First 5 Innings'!AD34,"") | R39: =IFERROR( _xludf.LET( prob, Q39, dec, 1 / prob, IF(ABS(prob - 0.5) < 0.0001, 100, IF(dec >= 2, ROUND((dec - 1) * 100, 0), ROUND(-100 / (dec - 1), 0) ) ) ), "") | S39: =IFERROR(1/'First 5 Innings'!AE34,"") | T39: =IFERROR( _xludf.LET( prob, S39, dec, 1 / prob, IF(ABS(prob - 0.5) < 0.0001, 100, IF(dec >= 2, ROUND((dec - 1) * 100, 0), ROUND(-100 / (dec - 1), 0) ) ) ), "") | U39: =IF(C39="","", 'First 5 Innings'!T34) -> 10 | V39: =IF(C39="","", 'First 5 Innings'!AJ34) -> 10 | W39: =IF(C39="","", 'First 5 Innings'!AK34) -> 10 | X39: =IF( OR(D39="Average", D39="", D40=""), "", IF(AND(U39 >= $E$7, U39 <= 9.99), C39 & " f5 " & ROUND(P39, 0) & " " & 'First 5 Innings'!Q34, "" ) ) | Y39: {=IF( OR(D39="Average", D39="", D40=""), "", _xludf.TEXTJOIN(CHAR(10), TRUE, IF(AND(V39 >= $F$7, V39 <= 9.99), _xludf.XLOOKUP('First 5 Innings'!D34, Validations!$E$2:$E$31, Validations!$H$2:$H$31) & " " & 'First 5 Innings'!$AJ$4 & " " & IF('First 5 Innings'!AD34 >= 2, ROUND(('First 5 Innings'!AD34 - 1) * 100, 0), ROUND(-100 / ('First 5 Innings'!AD34 - 1), 0) ) & " " & 'First 5 Innings'!AL34, "" ), IF(AND(W39 >= $F$7, W39 <= 9.99), _xludf.XLOOKUP('First 5 Innings'!D34, Validations!$E$2:$E$31, Validations!$H$2:$H$31) & " " & 'First 5 Innings'!$AK$4 & " " & IF('First 5 Innings'!AE34 >= 2, ROUND(('First 5 Innings'!AE34 - 1) * 100, 0), ROUND(-100 / ('First 5 Innings'!AE34 - 1), 0) ) & " " & 'First 5 Innings'!AM34, "" ) ) )} | Z39: =IF('First 5 Innings'!W34<2, -100/('First 5 Innings'!W34-1), ('First 5 Innings'!W34-1)*100) -> 141.66383 | AA39: =IF('First 5 Innings'!AN34<2, -100/('First 5 Innings'!AN34-1), ('First 5 Innings'!AN34-1)*100) -> -162.60154 | AB39: =IF('First 5 Innings'!AO34<2, -100/('First 5 Innings'!AO34-1), ('First 5 Innings'!AO34-1)*100) -> 252.86394

Sheet First 5 Innings
B1: DATE | C1: P Weight | D1: Off Weight | E1: r | H1: FIRST 5 INNINGS
B2: March 28 | C2: 0.63 | D2: =1-C2 -> 0.37 | E2: 6.7 | Z2: BOL | AB2: Pinnacle | AD2: Best | AF2: Book xWin % | AH2: Proj xWin% | AJ2: Adj Kelly | AL2: Best Book | AN2: Minimum Odds
B3: MY PROJECTIONS | J3: BOOKMAKER ODDS | Z3: Odds | AB3: Odds | AD3: Odds
A4: # | B4: Player | C4: Throws | D4: Team | E4: pitch xRA | F4: Opp OffAdj | G4: Total xRUNS | H4: Win % | I4: FV | J4: BOL | K4: MGM | L4: FD | M4: DK | N4: ESPNBet | O4: Bet Rivers | P4: Pinnacle | Q4: Best Book | R4: Best Line | S4: Win % | T4: Adj Kelly | U4: Kelly BET | V4: xW% Diff | W4: Min Odds | Y4: Team | Z4: 0.5 | AA4: -0.5 | AB4: 0.5 | AC4: -0.5 | AD4: 0.5 | AE4: -0.5 | AF4: 0.5 | AG4: -0.5 | AH4: 0.5 | AI4: -0.5 | AJ4: 0.5 | AK4: -0.5 | AL4: 0.5 | AM4: -0.5 | AN4: 0.5 | AO4: -0.5
A5: 1 | B5: Joe Boyle | C5: R | D5: TBR | E5: =IFERROR(_xlfn.XLOOKUP(B5,'Starting Pitchers'!$W$6:$W$1400,'Starting Pitchers'!$AA$6:$AA$1400),2.52) -> 2.8 | F5: =IF(C5="R",_xlfn.XLOOKUP(D6,'Team Batting vs R - Season'!$C$6:$C$35,'Team Batting vs R - Season'!$R$6:$R$35),_xlfn.XLOOKUP(D6,'Team Batting vs L - Season'!$C$6:$C$35,'Team Batting vs L - Season'!$R$6:$R$35)) -> 0.93229148 | G5: =E5 * (F5)^1.2 * 0.8 -> 2.0592548 | H5: =IFERROR(Game1NegBin!B23,"") -> 0.40830187 | I5: {=B5:D34} -> #VALUE! | T5: =IFERROR((((R5-1)*H5-(1-H5))/(R5-1))*10,"") -> 10 | U5: =IF(AND(T5>1, T5<5), "BET", "") | V5: =H5-S5 -> 0.40830187 | W5: =IFERROR((1-(Dashboard!$E$7*0.1)) / (H5 - (Dashboard!$E$7*0.1)), "") -> 2.9192168 | X5: =IF(T5<>"",#REF!&" f5 ML"&"("&P5&")"&" "&ROUND(T5*100,2)&"%","") -> #REF! | Y5: =#REF! -> #REF! | Z5: =IFERROR(__xludf.DUMMYFUNCTION("IFERROR( INDEX( FILTER( MLOddsP!$K:$K, MLOddsP!$D:$D=""BetOnline.ag"", MLOddsP!$L:$L=$AA$4, MLOddsP!$I:$I = XLOOKUP(D5, Validations!$E$2:$E$31, Validations!$H$2:$H$31) ), 1 ), """" )"),"") | AA5: =IFERROR(__xludf.DUMMYFUNCTION("IFERROR( INDEX( FILTER( MLOddsP!$K:$K, MLOddsP!$D:$D=""BetOnline.ag"", MLOddsP!$L:$L=$AB$4, MLOddsP!$I:$I = XLOOKUP(D5, Validations!$E$2:$E$31, Validations!$H$2:$H$31) ), 1 ), """" )"),"") | AB5: =IFERROR(__xludf.DUMMYFUNCTION("IFERROR( INDEX( FILTER( MLOddsP!$K:$K, MLOddsP!$D:$D=""Pinnacle"", MLOddsP!$L:$L=$AC$4, MLOddsP!$I:$I = XLOOKUP(D5, Validations!$E$2:$E$31, Validations!$H$2:$H$31) ), 1 ), """" )"),"") | AC5: =IFERROR(__xludf.DUMMYFUNCTION("IFERROR( INDEX( FILTER( MLOddsP!$K:$K, MLOddsP!$D:$D=""Pinnacle"", MLOddsP!$L:$L=$AD$4, MLOddsP!$I:$I = XLOOKUP(D5, Validations!$E$2:$E$31, Validations!$H$2:$H$31) ), 1 ), """" )"),"") | AD5: =MAX(Z5, AB5) -> 0 | AE5: =MAX(AA5, AC5) -> 0 | AF5: =1/AD5 -> #DIV/0! | AG5: =1/AE5 -> #DIV/0! | AH5: =Game1Poisson!$F$30+Game1Poisson!$F$32 -> 0.49997682 | AI5: =Game1Poisson!$F$30 -> 0.31384222 | AJ5: =IFERROR((((AD5-1)*AH5-(1-AH5))/(AD5-1))*10,"") -> 10 | AK5: =IFERROR((((AE5-1)*AI5-(1-AI5))/(AE5-1))*10,"") -> 10 | AL5: =IF(Z5="","Pinnacle",IF(Z5>AB5,"BOL","Pinnacle")) -> Pinnacle | AM5: =IF(AA5="","Pinnacle",IF(AA5>AC5,"BOL","Pinnacle")) -> Pinnacle | AN5: =IFERROR((1-(Dashboard!$F$7*0.1)) / (AH5 - (Dashboard!$E$7*0.1)), "") -> 2.0001159 | AO5: =IFERROR((1-(Dashboard!$E$7*0.1)) / (AI5 - (Dashboard!$E$7*0.1)), "") -> 4.2087105
A6: 1 | B6: Michael McGreevy | C6: R | D6: STL | E6: =IFERROR(_xlfn.XLOOKUP(B6,'Starting Pitchers'!$W$6:$W$1400,'Starting Pitchers'!$AA$6:$AA$1400),2.52) -> 3.125 | F6: =IF(C6="R",_xlfn.XLOOKUP(D5,'Team Batting vs R - Season'!$C$6:$C$35,'Team Batting vs R - Season'!$R$6:$R$35),_xlfn.XLOOKUP(D5,'Team Batting vs L - Season'!$C$6:$C$35,'Team Batting vs L - Season'!$R$6:$R$35)) -> 1.0267685 | G6: =E6 * (F6)^1.2 * 0.8 -> 2.5805189 | H6: =IFERROR(Game1NegBin!C23,"") -> 0.59169813 | I6: =IFERROR(IF(H6>0.5, -(H6/(1-H6))*100, ((1-H6)/H6)*100),"") -> -144.91683 | T6: =IFERROR((((R6-1)*H6-(1-H6))/(R6-1))*10,"") -> 10 | U6: =IF(AND(T6>1, T6<5), "BET", "") | V6: =H6-S6 -> 0.59169813 | W6: =IFERROR((1-(Dashboard!$E$7*0.1)) / (H6 - (Dashboard!$E$7*0.1)), "") -> 1.8303913 | X6: =IF(T6<>"",#REF!&" f5 ML"&"("&P6&")"&" "&ROUND(T6*100,2)&"%","") -> #REF! | Y6: =#REF! -> #REF! | Z6: =IFERROR(__xludf.DUMMYFUNCTION("IFERROR( INDEX( FILTER( MLOddsP!$K:$K, MLOddsP!$D:$D=""BetOnline.ag"", MLOddsP!$L:$L=$AA$4, MLOddsP!$I:$I = XLOOKUP(D6, Validations!$E$2:$E$31, Validations!$H$2:$H$31) ), 1 ), """" )"),"") | AA6: =IFERROR(__xludf.DUMMYFUNCTION("IFERROR( INDEX( FILTER( MLOddsP!$K:$K, MLOddsP!$D:$D=""BetOnline.ag"", MLOddsP!$L:$L=$AB$4, MLOddsP!$I:$I = XLOOKUP(D6, Validations!$E$2:$E$31, Validations!$H$2:$H$31) ), 1 ), """" )"),"") | AB6: =IFERROR(__xludf.DUMMYFUNCTION("IFERROR( INDEX( FILTER( MLOddsP!$K:$K, MLOddsP!$D:$D=""Pinnacle"", MLOddsP!$L:$L=$AC$4, MLOddsP!$I:$I = XLOOKUP(D6, Validations!$E$2:$E$31, Validations!$H$2:$H$31) ), 1 ), """" )"),"") | AC6: =IFERROR(__xludf.DUMMYFUNCTION("IFERROR( INDEX( FILTER( MLOddsP!$K:$K, MLOddsP!$D:$D=""Pinnacle"", MLOddsP!$L:$L=$AD$4, MLOddsP!$I:$I = XLOOKUP(D6, Validations!$E$2:$E$31, Validations!$H$2:$H$31) ), 1 ), """" )"),"") | AD6: =MAX(Z6, AB6) -> 0 | AE6: =MAX(AA6, AC6) -> 0 | AF6: =1/AD6 -> #DIV/0! | AG6: =1/AE6 -> #DIV/0! | AH6: =Game1Poisson!$F$31+Game1Poisson!$F$32 -> 0.68615778 | AI6: =Game1Poisson!$F$31 -> 0.50002318 | AJ6: =IFERROR((((AD6-1)*AH6-(1-AH6))/(AD6-1))*10,"") -> 10 | AK6: =IFERROR((((AE6-1)*AI6-(1-AI6))/(AE6-1))*10,"") -> 10 | AL6: =IF(Z6="","Pinnacle",IF(Z6>AB6,"BOL","Pinnacle")) -> Pinnacle | AM6: =IF(AA6="","Pinnacle",IF(AA6>AC6,"BOL","Pinnacle")) -> Pinnacle | AN6: =IFERROR((1-(Dashboard!$F$7*0.1)) / (AH6 - (Dashboard!$E$7*0.1)), "") -> 1.3648202 | AO6: =IFERROR((1-(Dashboard!$E$7*0.1)) / (AI6 - (Dashboard!$E$7*0.1)), "") -> 2.2498696
A7: 2 | B7: Miles Mikolas | C7: R | D7: WSN | E7: =IFERROR(_xlfn.XLOOKUP(B7,'Starting Pitchers'!$W$6:$W$1400,'Starting Pitchers'!$AA$6:$AA$1400),2.52) -> 1.5 | F7: =IF(C7="R",_xlfn.XLOOKUP(D8,'Team Batting vs R - Season'!$C$6:$C$35,'Team Batting vs R - Season'!$R$6:$R$35),_xlfn.XLOOKUP(D8,'Team Batting vs L - Season'!$C$6:$C$35,'Team Batting vs L - Season'!$R$6:$R$35)) -> 1.0562925 | G7: =E7 * (F7)^1.2 * 0.8 -> 1.2815109 | H7: =IFERROR(Game2NegBin!B23,"") -> 0.66310086 | I7: =IFERROR(IF(H7>0.5, -(H7/(1-H7))*100, ((1-H7)/H7)*100),"") -> -196.82474 | T7: =IFERROR((((R7-1)*H7-(1-H7))/(R7-1))*10,"") -> 10 | U7: =IF(AND(T7>1, T7<5), "BET", "") | V7: =H7-S7 -> 0.66310086 | W7: =IFERROR((1-(Dashboard!$E$7*0.1)) / (H7 - (Dashboard!$E$7*0.1)), "") -> 1.5982927 | X7: =IF(T7<>"",#REF!&" f5 ML"&"("&P7&")"&" "&ROUND(T7*100,2)&"%","") -> #REF! | Y7: =#REF! -> #REF! | Z7: =IFERROR(__xludf.DUMMYFUNCTION("IFERROR( INDEX( FILTER( MLOddsP!$K:$K, MLOddsP!$D:$D=""BetOnline.ag"", MLOddsP!$L:$L=$AA$4, MLOddsP!$I:$I = XLOOKUP(D7, Validations!$E$2:$E$31, Validations!$H$2:$H$31) ), 1 ), """" )"),"") | AA7: =IFERROR(__xludf.DUMMYFUNCTION("IFERROR( INDEX( FILTER( MLOddsP!$K:$K, MLOddsP!$D:$D=""BetOnline.ag"", MLOddsP!$L:$L=$AB$4, MLOddsP!$I:$I = XLOOKUP(D7, Validations!$E$2:$E$31, Validations!$H$2:$H$31) ), 1 ), """" )"),"") | AB7: =IFERROR(__xludf.DUMMYFUNCTION("IFERROR( INDEX( FILTER( MLOddsP!$K:$K, MLOddsP!$D:$D=""Pinnacle"", MLOddsP!$L:$L=$AC$4, MLOddsP!$I:$I = XLOOKUP(D7, Validations!$E$2:$E$31, Validations!$H$2:$H$31) ), 1 ), """" )"),"") | AC7: =IFERROR(__xludf.DUMMYFUNCTION("IFERROR( INDEX( FILTER( MLOddsP!$K:$K, MLOddsP!$D:$D=""Pinnacle"", MLOddsP!$L:$L=$AD$4, MLOddsP!$I:$I = XLOOKUP(D7, Validations!$E$2:$E$31, Validations!$H$2:$H$31) ), 1 ), """" )"),"") | AD7: =MAX(Z7, AB7) -> 0 | AE7: =MAX(AA7, AC7) -> 0 | AF7: =1/AD7 -> #DIV/0! | AG7: =1/AE7 -> #DIV/0! | AH7: =Game2Poisson!$F$30+Game2Poisson!$F$32 -> 0.7746757 | AI7: =Game2Poisson!$F$30 -> 0.48449763 | AJ7: =IFERROR((((AD7-1)*AH7-(1-AH7))/(AD7-1))*10,"") -> 10 | AK7: =IFERROR((((AE7-1)*AI7-(1-AI7))/(AE7-1))*10,"") -> 10 | AL7: =IF(Z7="","Pinnacle",IF(Z7>AB7,"BOL","Pinnacle")) -> Pinnacle | AM7: =IF(AA7="","Pinnacle",IF(AA7>AC7,"BOL","Pinnacle")) -> Pinnacle | AN7: =IFERROR((1-(Dashboard!$F$7*0.1)) / (AH7 - (Dashboard!$E$7*0.1)), "") -> 1.1857549 | AO7: =IFERROR((1-(Dashboard!$E$7*0.1)) / (AI7 - (Dashboard!$E$7*0.1)), "") -> 2.3407166
A8: 2 | B8: Cade Horton | C8: R | D8: CHC | E8: =IFERROR(_xlfn.XLOOKUP(B8,'Starting Pitchers'!$W$6:$W$1400,'Starting Pitchers'!$AA$6:$AA$1400),2.52) -> 1 | F8: =IF(C8="R",_xlfn.XLOOKUP(D7,'Team Batting vs R - Season'!$C$6:$C$35,'Team Batting vs R - Season'!$R$6:$R$35),_xlfn.XLOOKUP(D7,'Team Batting vs L - Season'!$C$6:$C$35,'Team Batting vs L - Season'!$R$6:$R$35)) -> 0.97362517 | G8: =E8 * (F8)^1.2 * 0.8 -> 0.77474742 | H8: =IFERROR(Game2NegBin!C23,"") -> 0.33689914 | I8: =IFERROR(IF(H8>0.5, -(H8/(1-H8))*100, ((1-H8)/H8)*100),"") -> 196.82474 | T8: =IFERROR((((R8-1)*H8-(1-H8))/(R8-1))*10,"") -> 10 | U8: =IF(AND(T8>1, T8<5), "BET", "") | V8: =H8-S8 -> 0.33689914 | W8: =IFERROR((1-(Dashboard!$E$7*0.1)) / (H8 - (Dashboard!$E$7*0.1)), "") -> 3.7990851 | X8: =IF(T8<>"",#REF!&" f5 ML"&"("&P8&")"&" "&ROUND(T8*100,2)&"%","") -> #REF! | Y8: =#REF! -> #REF! | Z8: =IFERROR(__xludf.DUMMYFUNCTION("IFERROR( INDEX( FILTER( MLOddsP!$K:$K, MLOddsP!$D:$D=""BetOnline.ag"", MLOddsP!$L:$L=$AA$4, MLOddsP!$I:$I = XLOOKUP(D8, Validations!$E$2:$E$31, Validations!$H$2:$H$31) ), 1 ), """" )"),"") | AA8: =IFERROR(__xludf.DUMMYFUNCTION("IFERROR( INDEX( FILTER( MLOddsP!$K:$K, MLOddsP!$D:$D=""BetOnline.ag"", MLOddsP!$L:$L=$AB$4, MLOddsP!$I:$I = XLOOKUP(D8, Validations!$E$2:$E$31, Validations!$H$2:$H$31) ), 1 ), """" )"),"") | AB8: =IFERROR(__xludf.DUMMYFUNCTION("IFERROR( INDEX( FILTER( MLOddsP!$K:$K, MLOddsP!$D:$D=""Pinnacle"", MLOddsP!$L:$L=$AC$4, MLOddsP!$I:$I = XLOOKUP(D8, Validations!$E$2:$E$31, Validations!$H$2:$H$31) ), 1 ), """" )"),"") | AC8: =IFERROR(__xludf.DUMMYFUNCTION("IFERROR( INDEX( FILTER( MLOddsP!$K:$K, MLOddsP!$D:$D=""Pinnacle"", MLOddsP!$L:$L=$AD$4, MLOddsP!$I:$I = XLOOKUP(D8, Validations!$E$2:$E$31, Validations!$H$2:$H$31) ), 1 ), """" )"),"") | AD8: =MAX(Z8, AB8) -> 0 | AE8: =MAX(AA8, AC8) -> 0 | AF8: =1/AD8 -> #DIV/0! | AG8: =1/AE8 -> #DIV/0! | AH8: =Game2Poisson!$F$31+Game2Poisson!$F$32 -> 0.51550237 | AI8: =Game2Poisson!$F$31 -> 0.2253243 | AJ8: =IFERROR((((AD8-1)*AH8-(1-AH8))/(AD8-1))*10,"") -> 10 | AK8: =IFERROR((((AE8-1)*AI8-(1-AI8))/(AE8-1))*10,"") -> 10 | AL8: =IF(Z8="","Pinnacle",IF(Z8>AB8,"BOL","Pinnacle")) -> Pinnacle | AM8: =IF(AA8="","Pinnacle",IF(AA8>AC8,"BOL","Pinnacle")) -> Pinnacle | AN8: =IFERROR((1-(Dashboard!$F$7*0.1)) / (AH8 - (Dashboard!$E$7*0.1)), "") -> 1.9253801 | AO8: =IFERROR((1-(Dashboard!$E$7*0.1)) / (AI8 - (Dashboard!$E$7*0.1)), "") -> 7.1813689
A9: 3 | B9: Jeffrey Springs | C9: L | D9: ATH | E9: =IFERROR(_xlfn.XLOOKUP(B9,'Starting Pitchers'!$W$6:$W$1400,'Starting Pitchers'!$AA$6:$AA$1400),2.52) -> 2.875 | F9: =IF(C9="R",_xlfn.XLOOKUP(D10,'Team Batting vs R - Season'!$C$6:$C$35,'Team Batting vs R - Season'!$R$6:$R$35),_xlfn.XLOOKUP(D10,'Team Batting vs L - Season'!$C$6:$C$35,'Team Batting vs L - Season'!$R$6:$R$35)) -> 1.1717792 | G9: =E9 * (F9)^1.2 * 0.8 -> 2.781908 | H9: =IFERROR(Game3NegBin!B23,"") -> 0.5008202 | I9: =IFERROR(IF(H9>0.5, -(H9/(1-H9))*100, ((1-H9)/H9)*100),"") -> -100.32862 | T9: =IFERROR((((R9-1)*H9-(1-H9))/(R9-1))*10,"") -> 10 | U9: =IF(AND(T9>1, T9<5), "BET", "") | V9: =H9-S9 -> 0.5008202 | W9: =IFERROR((1-(Dashboard!$E$7*0.1)) / (H9 - (Dashboard!$E$7*0.1)), "") -> 2.2453958 | Y9: =#REF! -> #REF! | Z9: =IFERROR(__xludf.DUMMYFUNCTION("IFERROR( INDEX( FILTER( MLOddsP!$K:$K, MLOddsP!$D:$D=""BetOnline.ag"", MLOddsP!$L:$L=$AA$4, MLOddsP!$I:$I = XLOOKUP(D9, Validations!$E$2:$E$31, Validations!$H$2:$H$31) ), 1 ), """" )"),"") | AA9: =IFERROR(__xludf.DUMMYFUNCTION("IFERROR( INDEX( FILTER( MLOddsP!$K:$K, MLOddsP!$D:$D=""BetOnline.ag"", MLOddsP!$L:$L=$AB$4, MLOddsP!$I:$I = XLOOKUP(D9, Validations!$E$2:$E$31, Validations!$H$2:$H$31) ), 1 ), """" )"),"") | AB9: =IFERROR(__xludf.DUMMYFUNCTION("IFERROR( INDEX( FILTER( MLOddsP!$K:$K, MLOddsP!$D:$D=""Pinnacle"", MLOddsP!$L:$L=$AC$4, MLOddsP!$I:$I = XLOOKUP(D9, Validations!$E$2:$E$31, Validations!$H$2:$H$31) ), 1 ), """" )"),"") | AC9: =IFERROR(__xludf.DUMMYFUNCTION("IFERROR( INDEX( FILTER( MLOddsP!$K:$K, MLOddsP!$D:$D=""Pinnacle"", MLOddsP!$L:$L=$AD$4, MLOddsP!$I:$I = XLOOKUP(D9, Validations!$E$2:$E$31, Validations!$H$2:$H$31) ), 1 ), """" )"),"") | AD9: =MAX(Z9, AB9) -> 0 | AE9: =MAX(AA9, AC9) -> 0 | AF9: =1/AD9 -> #DIV/0! | AG9: =1/AE9 -> #DIV/0! | AH9: =Game3Poisson!$F$30+Game3Poisson!$F$32 -> 0.58763067 | AI9: =Game3Poisson!$F$30 -> 0.41412144 | AJ9: =IFERROR((((AD9-1)*AH9-(1-AH9))/(AD9-1))*10,"") -> 10 | AK9: =IFERROR((((AE9-1)*AI9-(1-AI9))/(AE9-1))*10,"") -> 10 | AL9: =IF(Z9="","Pinnacle",IF(Z9>AB9,"BOL","Pinnacle")) -> Pinnacle | AM9: =IF(AA9="","Pinnacle",IF(AA9>AC9,"BOL","Pinnacle")) -> Pinnacle | AN9: =IFERROR((1-(Dashboard!$F$7*0.1)) / (AH9 - (Dashboard!$E$7*0.1)), "") -> 1.6405859 | AO9: =IFERROR((1-(Dashboard!$E$7*0.1)) / (AI9 - (Dashboard!$E$7*0.1)), "") -> 2.865134
A10: 3 | B10: Dylan Cease | C10: R | D10: TOR | E10: =IFERROR(_xlfn.XLOOKUP(B10,'Starting Pitchers'!$W$6:$W$1400,'Starting Pitchers'!$AA$6:$AA$1400),2.52) -> 3.25 | F10: =IF(C10="R",_xlfn.XLOOKUP(D9,'Team Batting vs R - Season'!$C$6:$C$35,'Team Batting vs R - Season'!$R$6:$R$35),_xlfn.XLOOKUP(D9,'Team Batting vs L - Season'!$C$6:$C$35,'Team Batting vs L - Season'!$R$6:$R$35)) -> 1.0562925 | G10: =E10 * (F10)^1.2 * 0.8 -> 2.7766069 | H10: =IFERROR(Game3NegBin!C23,"") -> 0.4991798 | I10: =IFERROR(IF(H10>0.5, -(H10/(1-H10))*100, ((1-H10)/H10)*100),"") -> 100.32862 | T10: =IFERROR((((R10-1)*H10-(1-H10))/(R10-1))*10,"") -> 10 | U10: =IF(AND(T10>1, T10<5), "BET", "") | V10: =H10-S10 -> 0.4991798 | W10: =IFERROR((1-(Dashboard!$E$7*0.1)) / (H10 - (Dashboard!$E$7*0.1)), "") -> 2.2546231 | Y10: =#REF! -> #REF! | Z10: =IFERROR(__xludf.DUMMYFUNCTION("IFERROR( INDEX( FILTER( MLOddsP!$K:$K, MLOddsP!$D:$D=""BetOnline.ag"", MLOddsP!$L:$L=$AA$4, MLOddsP!$I:$I = XLOOKUP(D10, Validations!$E$2:$E$31, Validations!$H$2:$H$31) ), 1 ), """" )"),"") | AA10: =IFERROR(__xludf.DUMMYFUNCTION("IFERROR( INDEX( FILTER( MLOddsP!$K:$K, MLOddsP!$D:$D=""BetOnline.ag"", MLOddsP!$L:$L=$AB$4, MLOddsP!$I:$I = XLOOKUP(D10, Validations!$E$2:$E$31, Validations!$H$2:$H$31) ), 1 ), """" )"),"") | AB10: =IFERROR(__xludf.DUMMYFUNCTION("IFERROR( INDEX( FILTER( MLOddsP!$K:$K, MLOddsP!$D:$D=""Pinnacle"", MLOddsP!$L:$L=$AC$4, MLOddsP!$I:$I = XLOOKUP(D10, Validations!$E$2:$E$31, Validations!$H$2:$H$31) ), 1 ), """" )"),"") | AC10: =IFERROR(__xludf.DUMMYFUNCTION("IFERROR( INDEX( FILTER( MLOddsP!$K:$K, MLOddsP!$D:$D=""Pinnacle"", MLOddsP!$L:$L=$AD$4, MLOddsP!$I:$I = XLOOKUP(D10, Validations!$E$2:$E$31, Validations!$H$2:$H$31) ), 1 ), """" )"),"") | AD10: =MAX(Z10, AB10) -> 0 | AE10: =MAX(AA10, AC10) -> 0 | AF10: =1/AD10 -> #DIV/0! | AG10: =1/AE10 -> #DIV/0! | AH10: =Game3Poisson!$F$31+Game3Poisson!$F$32 -> 0.58587856 | AI10: =Game3Poisson!$F$31 -> 0.41236933 | AJ10: =IFERROR((((AD10-1)*AH10-(1-AH10))/(AD10-1))*10,"") -> 10 | AK10: =IFERROR((((AE10-1)*AI10-(1-AI10))/(AE10-1))*10,"") -> 10 | AL10: =IF(Z10="","Pinnacle",IF(Z10>AB10,"BOL","Pinnacle")) -> Pinnacle | AM10: =IF(AA10="","Pinnacle",IF(AA10>AC10,"BOL","Pinnacle")) -> Pinnacle | AN10: =IFERROR((1-(Dashboard!$F$7*0.1)) / (AH10 - (Dashboard!$E$7*0.1)), "") -> 1.646502 | AO10: =IFERROR((1-(Dashboard!$E$7*0.1)) / (AI10 - (Dashboard!$E$7*0.1)), "") -> 2.8812048
A11: 4 | B11: Taj Bradley | C11: R | D11: MIN | E11: =IFERROR(_xlfn.XLOOKUP(B11,'Starting Pitchers'!$W$6:$W$1400,'Starting Pitchers'!$AA$6:$AA$1400),2.52) -> 2.375 | F11: =IF(C11="R",_xlfn.XLOOKUP(D12,'Team Batting vs R - Season'!$C$6:$C$35,'Team Batting vs R - Season'!$R$6:$R$35),_xlfn.XLOOKUP(D12,'Team Batting vs L - Season'!$C$6:$C$35,'Team Batting vs L - Season'!$R$6:$R$35)) -> 0.96772036 | G11: =E11 * (F11)^1.2 * 0.8 -> 1.8266421 | H11: =IFERROR(Game4NegBin!B23,"") -> 0.66486563 | I11: =IFERROR(IF(H11>0.5, -(H11/(1-H11))*100, ((1-H11)/H11)*100),"") -> -198.38777 | T11: =IFERROR((((R11-1)*H11-(1-H11))/(R11-1))*10,"") -> 10 | U11: =IF(AND(T11>1, T11<5), "BET", "") | V11: =H11-S11 -> 0.66486563 | W11: =IFERROR((1-(Dashboard!$E$7*0.1)) / (H11 - (Dashboard!$E$7*0.1)), "") -> 1.5932993 | Y11: =#REF! -> #REF! | Z11: =IFERROR(__xludf.DUMMYFUNCTION("IFERROR( INDEX( FILTER( MLOddsP!$K:$K, MLOddsP!$D:$D=""BetOnline.ag"", MLOddsP!$L:$L=$AA$4, MLOddsP!$I:$I = XLOOKUP(D11, Validations!$E$2:$E$31, Validations!$H$2:$H$31) ), 1 ), """" )"),"") | AA11: =IFERROR(__xludf.DUMMYFUNCTION("IFERROR( INDEX( FILTER( MLOddsP!$K:$K, MLOddsP!$D:$D=""BetOnline.ag"", MLOddsP!$L:$L=$AB$4, MLOddsP!$I:$I = XLOOKUP(D11, Validations!$E$2:$E$31, Validations!$H$2:$H$31) ), 1 ), """" )"),"") | AB11: =IFERROR(__xludf.DUMMYFUNCTION("IFERROR( INDEX( FILTER( MLOddsP!$K:$K, MLOddsP!$D:$D=""Pinnacle"", MLOddsP!$L:$L=$AC$4, MLOddsP!$I:$I = XLOOKUP(D11, Validations!$E$2:$E$31, Validations!$H$2:$H$31) ), 1 ), """" )"),"") | AC11: =IFERROR(__xludf.DUMMYFUNCTION("IFERROR( INDEX( FILTER( MLOddsP!$K:$K, MLOddsP!$D:$D=""Pinnacle"", MLOddsP!$L:$L=$AD$4, MLOddsP!$I:$I = XLOOKUP(D11, Validations!$E$2:$E$31, Validations!$H$2:$H$31) ), 1 ), """" )"),"") | AD11: =MAX(Z11, AB11) -> 0 | AE11: =MAX(AA11, AC11) -> 0 | AF11: =1/AD11 -> #DIV/0! | AG11: =1/AE11 -> #DIV/0! | AH11: =Game4Poisson!$F$30+Game4Poisson!$F$32 -> 0.76239149 | AI11: =Game4Poisson!$F$30 -> 0.53316404 | AJ11: =IFERROR((((AD11-1)*AH11-(1-AH11))/(AD11-1))*10,"") -> 10 | AK11: =IFERROR((((AE11-1)*AI11-(1-AI11))/(AE11-1))*10,"") -> 10 | AL11: =IF(Z11="","Pinnacle",IF(Z11>AB11,"BOL","Pinnacle")) -> Pinnacle | AM11: =IF(AA11="","Pinnacle",IF(AA11>AC11,"BOL","Pinnacle")) -> Pinnacle | AN11: =IFERROR((1-(Dashboard!$F$7*0.1)) / (AH11 - (Dashboard!$E$7*0.1)), "") -> 1.207745 | AO11: =IFERROR((1-(Dashboard!$E$7*0.1)) / (AI11 - (Dashboard!$E$7*0.1)), "") -> 2.0777348
A12: 4 | B12: Kyle Bradish | C12: R | D12: BAL | E12: =IFERROR(_xlfn.XLOOKUP(B12,'Starting Pitchers'!$W$6:$W$1400,'Starting Pitchers'!$AA$6:$AA$1400),2.52) -> 1.5 | F12: =IF(C12="R",_xlfn.XLOOKUP(D11,'Team Batting vs R - Season'!$C$6:$C$35,'Team Batting vs R - Season'!$R$6:$R$35),_xlfn.XLOOKUP(D11,'Team Batting vs L - Season'!$C$6:$C$35,'Team Batting vs L - Season'!$R$6:$R$35)) -> 0.96181555 | G12: =E12 * (F12)^1.2 * 0.8 -> 1.1452265 | H12: =IFERROR(Game4NegBin!C23,"") -> 0.33513437 | I12: =IFERROR(IF(H12>0.5, -(H12/(1-H12))*100, ((1-H12)/H12)*100),"") -> 198.38777 | T12: =IFERROR((((R12-1)*H12-(1-H12))/(R12-1))*10,"") -> 10 | U12: =IF(AND(T12>1, T12<5), "BET", "") | V12: =H12-S12 -> 0.33513437 | W12: =IFERROR((1-(Dashboard!$E$7*0.1)) / (H12 - (Dashboard!$E$7*0.1)), "") -> 3.8275986 | Y12: =#REF! -> #REF! | Z12: =IFERROR(__xludf.DUMMYFUNCTION("IFERROR( INDEX( FILTER( MLOddsP!$K:$K, MLOddsP!$D:$D=""BetOnline.ag"", MLOddsP!$L:$L=$AA$4, MLOddsP!$I:$I = XLOOKUP(D12, Validations!$E$2:$E$31, Validations!$H$2:$H$31) ), 1 ), """" )"),"") | AA12: =IFERROR(__xludf.DUMMYFUNCTION("IFERROR( INDEX( FILTER( MLOddsP!$K:$K, MLOddsP!$D:$D=""BetOnline.ag"", MLOddsP!$L:$L=$AB$4, MLOddsP!$I:$I = XLOOKUP(D12, Validations!$E$2:$E$31, Validations!$H$2:$H$31) ), 1 ), """" )"),"") | AB12: =IFERROR(__xludf.DUMMYFUNCTION("IFERROR( INDEX( FILTER( MLOddsP!$K:$K, MLOddsP!$D:$D=""Pinnacle"", MLOddsP!$L:$L=$AC$4, MLOddsP!$I:$I = XLOOKUP(D12, Validations!$E$2:$E$31, Validations!$H$2:$H$31) ), 1 ), """" )"),"") | AC12: =IFERROR(__xludf.DUMMYFUNCTION("IFERROR( INDEX( FILTER( MLOddsP!$K:$K, MLOddsP!$D:$D=""Pinnacle"", MLOddsP!$L:$L=$AD$4, MLOddsP!$I:$I = XLOOKUP(D12, Validations!$E$2:$E$31, Validations!$H$2:$H$31) ), 1 ), """" )"),"") | AD12: =MAX(Z12, AB12) -> 0 | AE12: =MAX(AA12, AC12) -> 0 | AF12: =1/AD12 -> #DIV/0! | AG12: =1/AE12 -> #DIV/0! | AH12: =Game4Poisson!$F$31+Game4Poisson!$F$32 -> 0.46683596 | AI12: =Game4Poisson!$F$31 -> 0.23760851 | AJ12: =IFERROR((((AD12-1)*AH12-(1-AH12))/(AD12-1))*10,"") -> 10 | AK12: =IFERROR((((AE12-1)*AI12-(1-AI12))/(AE12-1))*10,"") -> 10 | AL12: =IF(Z12="","Pinnacle",IF(Z12>AB12,"BOL","Pinnacle")) -> Pinnacle | AM12: =IF(AA12="","Pinnacle",IF(AA12>AC12,"BOL","Pinnacle")) -> Pinnacle | AN12: =IFERROR((1-(Dashboard!$F$7*0.1)) / (AH12 - (Dashboard!$E$7*0.1)), "") -> 2.1808113 | AO12: =IFERROR((1-(Dashboard!$E$7*0.1)) / (AI12 - (Dashboard!$E$7*0.1)), "") -> 6.5402933
A13: 5 | B13: Jacob deGrom | C13: R | D13: TEX | E13: =IFERROR(_xlfn.XLOOKUP(B13,'Starting Pitchers'!$W$6:$W$1400,'Starting Pitchers'!$AA$6:$AA$1400),2.52) -> 1.75 | F13: =IF(C13="R",_xlfn.XLOOKUP(D14,'Team Batting vs R - Season'!$C$6:$C$35,'Team Batting vs R - Season'!$R$6:$R$35),_xlfn.XLOOKUP(D14,'Team Batting vs L - Season'!$C$6:$C$35,'Team Batting vs L - Season'!$R$6:$R$35)) -> 1.0858166 | G13: =E13 * (F13)^1.2 * 0.8 -> 1.5453819 | H13: =IFERROR(Game5NegBin!B23,"") -> 0.19615725 | I13: =IFERROR(IF(H13>0.5, -(H13/(1-H13))*100, ((1-H13)/H13)*100),"") -> 409.79508 | T13: =IFERROR((((R13-1)*H13-(1-H13))/(R13-1))*10,"") -> 10 | U13: =IF(AND(T13>1, T13<5), "BET", "") | V13: =H13-S13 -> 0.19615725 | W13: =IFERROR((1-(Dashboard!$E$7*0.1)) / (H13 - (Dashboard!$E$7*0.1)), "") -> 9.3596688 | Y13: =#REF! -> #REF! | Z13: =IFERROR(__xludf.DUMMYFUNCTION("IFERROR( INDEX( FILTER( MLOddsP!$K:$K, MLOddsP!$D:$D=""BetOnline.ag"", MLOddsP!$L:$L=$AA$4, MLOddsP!$I:$I = XLOOKUP(D13, Validations!$E$2:$E$31, Validations!$H$2:$H$31) ), 1 ), """" )"),"") | AA13: =IFERROR(__xludf.DUMMYFUNCTION("IFERROR( INDEX( FILTER( MLOddsP!$K:$K, MLOddsP!$D:$D=""BetOnline.ag"", MLOddsP!$L:$L=$AB$4, MLOddsP!$I:$I = XLOOKUP(D13, Validations!$E$2:$E$31, Validations!$H$2:$H$31) ), 1 ), """" )"),"") | AB13: =IFERROR(__xludf.DUMMYFUNCTION("IFERROR( INDEX( FILTER( MLOddsP!$K:$K, MLOddsP!$D:$D=""Pinnacle"", MLOddsP!$L:$L=$AC$4, MLOddsP!$I:$I = XLOOKUP(D13, Validations!$E$2:$E$31, Validations!$H$2:$H$31) ), 1 ), """" )"),"") | AC13: =IFERROR(__xludf.DUMMYFUNCTION("IFERROR( INDEX( FILTER( MLOddsP!$K:$K, MLOddsP!$D:$D=""Pinnacle"", MLOddsP!$L:$L=$AD$4, MLOddsP!$I:$I = XLOOKUP(D13, Validations!$E$2:$E$31, Validations!$H$2:$H$31) ), 1 ), """" )"),"") | AD13: =MAX(Z13, AB13) -> 0 | AE13: =MAX(AA13, AC13) -> 0 | AF13: =1/AD13 -> #DIV/0! | AG13: =1/AE13 -> #DIV/0! | AH13: =Game5Poisson!$F$30+Game5Poisson!$F$32 -> 0.24754946 | AI13: =Game5Poisson!$F$30 -> 0.12337603 | AJ13: =IFERROR((((AD13-1)*AH13-(1-AH13))/(AD13-1))*10,"") -> 10 | AK13: =IFERROR((((AE13-1)*AI13-(1-AI13))/(AE13-1))*10,"") -> 10 | AL13: =IF(Z13="","Pinnacle",IF(Z13>AB13,"BOL","Pinnacle")) -> Pinnacle | AM13: =IF(AA13="","Pinnacle",IF(AA13>AC13,"BOL","Pinnacle")) -> Pinnacle | AN13: =IFERROR((1-(Dashboard!$F$7*0.1)) / (AH13 - (Dashboard!$E$7*0.1)), "") -> 5.4219106 | AO13: =IFERROR((1-(Dashboard!$E$7*0.1)) / (AI13 - (Dashboard!$E$7*0.1)), "") -> 38.500978
A14: 5 | B14: Aaron Nola | C14: R | D14: PHI | E14: =IFERROR(_xlfn.XLOOKUP(B14,'Starting Pitchers'!$W$6:$W$1400,'Starting Pitchers'!$AA$6:$AA$1400),2.52) -> 4.875 | F14: =IF(C14="R",_xlfn.XLOOKUP(D13,'Team Batting vs R - Season'!$C$6:$C$35,'Team Batting vs R - Season'!$R$6:$R$35),_xlfn.XLOOKUP(D13,'Team Batting vs L - Season'!$C$6:$C$35,'Team Batting vs L - Season'!$R$6:$R$35)) -> 0.93229148 | G14: =E14 * (F14)^1.2 * 0.8 -> 3.5853096 | H14: =IFERROR(Game5NegBin!C23,"") -> 0.80384275 | I14: =IFERROR(IF(H14>0.5, -(H14/(1-H14))*100, ((1-H14)/H14)*100),"") -> -409.79508 | T14: =IFERROR((((R14-1)*H14-(1-H14))/(R14-1))*10,"") -> 10 | U14: =IF(AND(T14>1, T14<5), "BET", "") | V14: =H14-S14 -> 0.80384275 | W14: =IFERROR((1-(Dashboard!$E$7*0.1)) / (H14 - (Dashboard!$E$7*0.1)), "") -> 1.2786947 | Y14: =#REF! -> #REF! | Z14: =IFERROR(__xludf.DUMMYFUNCTION("IFERROR( INDEX( FILTER( MLOddsP!$K:$K, MLOddsP!$D:$D=""BetOnline.ag"", MLOddsP!$L:$L=$AA$4, MLOddsP!$I:$I = XLOOKUP(D14, Validations!$E$2:$E$31, Validations!$H$2:$H$31) ), 1 ), """" )"),"") | AA14: =IFERROR(__xludf.DUMMYFUNCTION("IFERROR( INDEX( FILTER( MLOddsP!$K:$K, MLOddsP!$D:$D=""BetOnline.ag"", MLOddsP!$L:$L=$AB$4, MLOddsP!$I:$I = XLOOKUP(D14, Validations!$E$2:$E$31, Validations!$H$2:$H$31) ), 1 ), """" )"),"") | AB14: =IFERROR(__xludf.DUMMYFUNCTION("IFERROR( INDEX( FILTER( MLOddsP!$K:$K, MLOddsP!$D:$D=""Pinnacle"", MLOddsP!$L:$L=$AC$4, MLOddsP!$I:$I = XLOOKUP(D14, Validations!$E$2:$E$31, Validations!$H$2:$H$31) ), 1 ), """" )"),"") | AC14: =IFERROR(__xludf.DUMMYFUNCTION("IFERROR( INDEX( FILTER( MLOddsP!$K:$K, MLOddsP!$D:$D=""Pinnacle"", MLOddsP!$L:$L=$AD$4, MLOddsP!$I:$I = XLOOKUP(D14, Validations!$E$2:$E$31, Validations!$H$2:$H$31) ), 1 ), """" )"),"") | AD14: =MAX(Z14, AB14) -> 0 | AE14: =MAX(AA14, AC14) -> 0 | AF14: =1/AD14 -> #DIV/0! | AG14: =1/AE14 -> #DIV/0! | AH14: =Game5Poisson!$F$31+Game5Poisson!$F$32 -> 0.87662397 | AI14: =Game5Poisson!$F$31 -> 0.75245054 | AJ14: =IFERROR((((AD14-1)*AH14-(1-AH14))/(AD14-1))*10,"") -> 10 | AK14: =IFERROR((((AE14-1)*AI14-(1-AI14))/(AE14-1))*10,"") -> 10 | AL14: =IF(Z14="","Pinnacle",IF(Z14>AB14,"BOL","Pinnacle")) -> Pinnacle | AM14: =IF(AA14="","Pinnacle",IF(AA14>AC14,"BOL","Pinnacle")) -> Pinnacle | AN14: =IFERROR((1-(Dashboard!$F$7*0.1)) / (AH14 - (Dashboard!$E$7*0.1)), "") -> 1.0300995 | AO14: =IFERROR((1-(Dashboard!$E$7*0.1)) / (AI14 - (Dashboard!$E$7*0.1)), "") -> 1.3794149
A15: 6 | B15: Sonny Gray | C15: R | D15: BOS | E15: =IFERROR(_xlfn.XLOOKUP(B15,'Starting Pitchers'!$W$6:$W$1400,'Starting Pitchers'!$AA$6:$AA$1400),2.52) -> 3.5 | F15: =IF(C15="R",_xlfn.XLOOKUP(D16,'Team Batting vs R - Season'!$C$6:$C$35,'Team Batting vs R - Season'!$R$6:$R$35),_xlfn.XLOOKUP(D16,'Team Batting vs L - Season'!$C$6:$C$35,'Team Batting vs L - Season'!$R$6:$R$35)) -> 0.99724442 | G15: =E15 * (F15)^1.2 * 0.8 -> 2.7907438 | H15: =IFERROR(Game6NegBin!B23,"") -> 0.61492647 | I15: =IFERROR(IF(H15>0.5, -(H15/(1-H15))*100, ((1-H15)/H15)*100),"") -> -159.69066 | T15: =IFERROR((((R15-1)*H15-(1-H15))/(R15-1))*10,"") -> 10 | U15: =IF(AND(T15>1, T15<5), "BET", "") | V15: =H15-S15 -> 0.61492647 | W15: =IFERROR((1-(Dashboard!$E$7*0.1)) / (H15 - (Dashboard!$E$7*0.1)), "") -> 1.7478224 | Y15: =#REF! -> #REF! | Z15: =IFERROR(__xludf.DUMMYFUNCTION("IFERROR( INDEX( FILTER( MLOddsP!$K:$K, MLOddsP!$D:$D=""BetOnline.ag"", MLOddsP!$L:$L=$AA$4, MLOddsP!$I:$I = XLOOKUP(D15, Validations!$E$2:$E$31, Validations!$H$2:$H$31) ), 1 ), """" )"),"") | AA15: =IFERROR(__xludf.DUMMYFUNCTION("IFERROR( INDEX( FILTER( MLOddsP!$K:$K, MLOddsP!$D:$D=""BetOnline.ag"", MLOddsP!$L:$L=$AB$4, MLOddsP!$I:$I = XLOOKUP(D15, Validations!$E$2:$E$31, Validations!$H$2:$H$31) ), 1 ), """" )"),"") | AB15: =IFERROR(__xludf.DUMMYFUNCTION("IFERROR( INDEX( FILTER( MLOddsP!$K:$K, MLOddsP!$D:$D=""Pinnacle"", MLOddsP!$L:$L=$AC$4, MLOddsP!$I:$I = XLOOKUP(D15, Validations!$E$2:$E$31, Validations!$H$2:$H$31) ), 1 ), """" )"),"") | AC15: =IFERROR(__xludf.DUMMYFUNCTION("IFERROR( INDEX( FILTER( MLOddsP!$K:$K, MLOddsP!$D:$D=""Pinnacle"", MLOddsP!$L:$L=$AD$4, MLOddsP!$I:$I = XLOOKUP(D15, Validations!$E$2:$E$31, Validations!$H$2:$H$31) ), 1 ), """" )"),"") | AD15: =MAX(Z15, AB15) -> 0 | AE15: =MAX(AA15, AC15) -> 0 | AF15: =1/AD15 -> #DIV/0! | AG15: =1/AE15 -> #DIV/0! | AH15: =Game6Poisson!$F$30+Game6Poisson!$F$32 -> 0.70730949 | AI15: =Game6Poisson!$F$30 -> 0.52949075 | AJ15: =IFERROR((((AD15-1)*AH15-(1-AH15))/(AD15-1))*10,"") -> 10 | AK15: =IFERROR((((AE15-1)*AI15-(1-AI15))/(AE15-1))*10,"") -> 10 | AL15: =IF(Z15="","Pinnacle",IF(Z15>AB15,"BOL","Pinnacle")) -> Pinnacle | AM15: =IF(AA15="","Pinnacle",IF(AA15>AC15,"BOL","Pinnacle")) -> Pinnacle | AN15: =IFERROR((1-(Dashboard!$F$7*0.1)) / (AH15 - (Dashboard!$E$7*0.1)), "") -> 1.3172855 | AO15: =IFERROR((1-(Dashboard!$E$7*0.1)) / (AI15 - (Dashboard!$E$7*0.1)), "") -> 2.095505
A16: 6 | B16: Brady Singer | C16: R | D16: CIN | E16: =IFERROR(_xlfn.XLOOKUP(B16,'Starting Pitchers'!$W$6:$W$1400,'Starting Pitchers'!$AA$6:$AA$1400),2.52) -> 2.5 | F16: =IF(C16="R",_xlfn.XLOOKUP(D15,'Team Batting vs R - Season'!$C$6:$C$35,'Team Batting vs R - Season'!$R$6:$R$35),_xlfn.XLOOKUP(D15,'Team Batting vs L - Season'!$C$6:$C$35,'Team Batting vs L - Season'!$R$6:$R$35)) -> 1.0444829 | G16: =E16 * (F16)^1.2 * 0.8 -> 2.1072284 | H16: =IFERROR(Game6NegBin!C23,"") -> 0.38507353 | I16: =IFERROR(IF(H16>0.5, -(H16/(1-H16))*100, ((1-H16)/H16)*100),"") -> 159.69066 | T16: =IFERROR((((R16-1)*H16-(1-H16))/(R16-1))*10,"") -> 10 | U16: =IF(AND(T16>1, T16<5), "BET", "") | V16: =H16-S16 -> 0.38507353 | W16: =IFERROR((1-(Dashboard!$E$7*0.1)) / (H16 - (Dashboard!$E$7*0.1)), "") -> 3.1570802 | Y16: =#REF! -> #REF! | Z16: =IFERROR(__xludf.DUMMYFUNCTION("IFERROR( INDEX( FILTER( MLOddsP!$K:$K, MLOddsP!$D:$D=""BetOnline.ag"", MLOddsP!$L:$L=$AA$4, MLOddsP!$I:$I = XLOOKUP(D16, Validations!$E$2:$E$31, Validations!$H$2:$H$31) ), 1 ), """" )"),"") | AA16: =IFERROR(__xludf.DUMMYFUNCTION("IFERROR( INDEX( FILTER( MLOddsP!$K:$K, MLOddsP!$D:$D=""BetOnline.ag"", MLOddsP!$L:$L=$AB$4, MLOddsP!$I:$I = XLOOKUP(D16, Validations!$E$2:$E$31, Validations!$H$2:$H$31) ), 1 ), """" )"),"") | AB16: =IFERROR(__xludf.DUMMYFUNCTION("IFERROR( INDEX( FILTER( MLOddsP!$K:$K, MLOddsP!$D:$D=""Pinnacle"", MLOddsP!$L:$L=$AC$4, MLOddsP!$I:$I = XLOOKUP(D16, Validations!$E$2:$E$31, Validations!$H$2:$H$31) ), 1 ), """" )"),"") | AC16: =IFERROR(__xludf.DUMMYFUNCTION("IFERROR( INDEX( FILTER( MLOddsP!$K:$K, MLOddsP!$D:$D=""Pinnacle"", MLOddsP!$L:$L=$AD$4, MLOddsP!$I:$I = XLOOKUP(D16, Validations!$E$2:$E$31, Validations!$H$2:$H$31) ), 1 ), """" )"),"") | AD16: =MAX(Z16, AB16) -> 0 | AE16: =MAX(AA16, AC16) -> 0 | AF16: =1/AD16 -> #DIV/0! | AG16: =1/AE16 -> #DIV/0! | AH16: =Game6Poisson!$F$31+Game6Poisson!$F$32 -> 0.47050925 | AI16: =Game6Poisson!$F$31 -> 0.29269051 | AJ16: =IFERROR((((AD16-1)*AH16-(1-AH16))/(AD16-1))*10,"") -> 10 | AK16: =IFERROR((((AE16-1)*AI16-(1-AI16))/(AE16-1))*10,"") -> 10 | AL16: =IF(Z16="","Pinnacle",IF(Z16>AB16,"BOL","Pinnacle")) -> Pinnacle | AM16: =IF(AA16="","Pinnacle",IF(AA16>AC16,"BOL","Pinnacle")) -> Pinnacle | AN16: =IFERROR((1-(Dashboard!$F$7*0.1)) / (AH16 - (Dashboard!$E$7*0.1)), "") -> 2.1591904 | AO16: =IFERROR((1-(Dashboard!$E$7*0.1)) / (AI16 - (Dashboard!$E$7*0.1)), "") -> 4.6707022
A17: 7 | B17: Mitch Keller | C17: R | D17: PIT | E17: =IFERROR(_xlfn.XLOOKUP(B17,'Starting Pitchers'!$W$6:$W$1400,'Starting Pitchers'!$AA$6:$AA$1400),2.52) -> 2.875 | F17: =IF(C17="R",_xlfn.XLOOKUP(D18,'Team Batting vs R - Season'!$C$6:$C$35,'Team Batting vs R - Season'!$R$6:$R$35),_xlfn.XLOOKUP(D18,'Team Batting vs L - Season'!$C$6:$C$35,'Team Batting vs L - Season'!$R$6:$R$35)) -> 1.1153407 | G17: =E17 * (F17)^1.2 * 0.8 -> 2.6219046 | H17: =IFERROR(Game7NegBin!B23,"") -> 0.75190149 | I17: =IFERROR(IF(H17>0.5, -(H17/(1-H17))*100, ((1-H17)/H17)*100),"") -> -303.0657 | T17: =IFERROR((((R17-1)*H17-(1-H17))/(R17-1))*10,"") -> 10 | U17: =IF(AND(T17>1, T17<5), "BET", "") | V17: =H17-S17 -> 0.75190149 | W17: =IFERROR((1-(Dashboard!$E$7*0.1)) / (H17 - (Dashboard!$E$7*0.1)), "") -> 1.3805767 | Y17: =#REF! -> #REF! | Z17: =IFERROR(__xludf.DUMMYFUNCTION("IFERROR( INDEX( FILTER( MLOddsP!$K:$K, MLOddsP!$D:$D=""BetOnline.ag"", MLOddsP!$L:$L=$AA$4, MLOddsP!$I:$I = XLOOKUP(D17, Validations!$E$2:$E$31, Validations!$H$2:$H$31) ), 1 ), """" )"),"") | AA17: =IFERROR(__xludf.DUMMYFUNCTION("IFERROR( INDEX( FILTER( MLOddsP!$K:$K, MLOddsP!$D:$D=""BetOnline.ag"", MLOddsP!$L:$L=$AB$4, MLOddsP!$I:$I = XLOOKUP(D17, Validations!$E$2:$E$31, Validations!$H$2:$H$31) ), 1 ), """" )"),"") | AB17: =IFERROR(__xludf.DUMMYFUNCTION("IFERROR( INDEX( FILTER( MLOddsP!$K:$K, MLOddsP!$D:$D=""Pinnacle"", MLOddsP!$L:$L=$AC$4, MLOddsP!$I:$I = XLOOKUP(D17, Validations!$E$2:$E$31, Validations!$H$2:$H$31) ), 1 ), """" )"),"") | AC17: =IFERROR(__xludf.DUMMYFUNCTION("IFERROR( INDEX( FILTER( MLOddsP!$K:$K, MLOddsP!$D:$D=""Pinnacle"", MLOddsP!$L:$L=$AD$4, MLOddsP!$I:$I = XLOOKUP(D17, Validations!$E$2:$E$31, Validations!$H$2:$H$31) ), 1 ), """" )"),"") | AD17: =MAX(Z17, AB17) -> 0 | AE17: =MAX(AA17, AC17) -> 0 | AF17: =1/AD17 -> #DIV/0! | AG17: =1/AE17 -> #DIV/0! | AH17: =Game7Poisson!$F$30+Game7Poisson!$F$32 -> 0.83065963 | AI17: =Game7Poisson!$F$30 -> 0.65901675 | AJ17: =IFERROR((((AD17-1)*AH17-(1-AH17))/(AD17-1))*10,"") -> 10 | AK17: =IFERROR((((AE17-1)*AI17-(1-AI17))/(AE17-1))*10,"") -> 10 | AL17: =IF(Z17="","Pinnacle",IF(Z17>AB17,"BOL","Pinnacle")) -> Pinnacle | AM17: =IF(AA17="","Pinnacle",IF(AA17>AC17,"BOL","Pinnacle")) -> Pinnacle | AN17: =IFERROR((1-(Dashboard!$F$7*0.1)) / (AH17 - (Dashboard!$E$7*0.1)), "") -> 1.0949011 | AO17: =IFERROR((1-(Dashboard!$E$7*0.1)) / (AI17 - (Dashboard!$E$7*0.1)), "") -> 1.6099697
A18: 7 | B18: David Peterson | C18: L | D18: NYM | E18: =IFERROR(_xlfn.XLOOKUP(B18,'Starting Pitchers'!$W$6:$W$1400,'Starting Pitchers'!$AA$6:$AA$1400),2.52) -> 2 | F18: =IF(C18="R",_xlfn.XLOOKUP(D17,'Team Batting vs R - Season'!$C$6:$C$35,'Team Batting vs R - Season'!$R$6:$R$35),_xlfn.XLOOKUP(D17,'Team Batting vs L - Season'!$C$6:$C$35,'Team Batting vs L - Season'!$R$6:$R$35)) -> 0.8366517 | G18: =E18 * (F18)^1.2 * 0.8 -> 1.2917356 | H18: =IFERROR(Game7NegBin!C23,"") -> 0.24809851 | I18: =IFERROR(IF(H18>0.5, -(H18/(1-H18))*100, ((1-H18)/H18)*100),"") -> 303.0657 | T18: =IFERROR((((R18-1)*H18-(1-H18))/(R18-1))*10,"") -> 10 | U18: =IF(AND(T18>1, T18<5), "BET", "") | V18: =H18-S18 -> 0.24809851 | W18: =IFERROR((1-(Dashboard!$E$7*0.1)) / (H18 - (Dashboard!$E$7*0.1)), "") -> 6.0770362 | Y18: =#REF! -> #REF! | Z18: =IFERROR(__xludf.DUMMYFUNCTION("IFERROR( INDEX( FILTER( MLOddsP!$K:$K, MLOddsP!$D:$D=""BetOnline.ag"", MLOddsP!$L:$L=$AA$4, MLOddsP!$I:$I = XLOOKUP(D18, Validations!$E$2:$E$31, Validations!$H$2:$H$31) ), 1 ), """" )"),"") | AA18: =IFERROR(__xludf.DUMMYFUNCTION("IFERROR( INDEX( FILTER( MLOddsP!$K:$K, MLOddsP!$D:$D=""BetOnline.ag"", MLOddsP!$L:$L=$AB$4, MLOddsP!$I:$I = XLOOKUP(D18, Validations!$E$2:$E$31, Validations!$H$2:$H$31) ), 1 ), """" )"),"") | AB18: =IFERROR(__xludf.DUMMYFUNCTION("IFERROR( INDEX( FILTER( MLOddsP!$K:$K, MLOddsP!$D:$D=""Pinnacle"", MLOddsP!$L:$L=$AC$4, MLOddsP!$I:$I = XLOOKUP(D18, Validations!$E$2:$E$31, Validations!$H$2:$H$31) ), 1 ), """" )"),"") | AC18: =IFERROR(__xludf.DUMMYFUNCTION("IFERROR( INDEX( FILTER( MLOddsP!$K:$K, MLOddsP!$D:$D=""Pinnacle"", MLOddsP!$L:$L=$AD$4, MLOddsP!$I:$I = XLOOKUP(D18, Validations!$E$2:$E$31, Validations!$H$2:$H$31) ), 1 ), """" )"),"") | AD18: =MAX(Z18, AB18) -> 0 | AE18: =MAX(AA18, AC18) -> 0 | AF18: =1/AD18 -> #DIV/0! | AG18: =1/AE18 -> #DIV/0! | AH18: =Game7Poisson!$F$31+Game7Poisson!$F$32 -> 0.34098325 | AI18: =Game7Poisson!$F$31 -> 0.16934037 | AJ18: =IFERROR((((AD18-1)*AH18-(1-AH18))/(AD18-1))*10,"") -> 10 | AK18: =IFERROR((((AE18-1)*AI18-(1-AI18))/(AE18-1))*10,"") -> 10 | AL18: =IF(Z18="","Pinnacle",IF(Z18>AB18,"BOL","Pinnacle")) -> Pinnacle | AM18: =IF(AA18="","Pinnacle",IF(AA18>AC18,"BOL","Pinnacle")) -> Pinnacle | AN18: =IFERROR((1-(Dashboard!$F$7*0.1)) / (AH18 - (Dashboard!$E$7*0.1)), "") -> 3.3197328 | AO18: =IFERROR((1-(Dashboard!$E$7*0.1)) / (AI18 - (Dashboard!$E$7*0.1)), "") -> 12.979452
A19: 8 | B19: Michael Lorenzen | C19: R | D19: COL | E19: =IFERROR(_xlfn.XLOOKUP(B19,'Starting Pitchers'!$W$6:$W$1400,'Starting Pitchers'!$AA$6:$AA$1400),2.52) -> 2.5 | F19: =IF(C19="R",_xlfn.XLOOKUP(D20,'Team Batting vs R - Season'!$C$6:$C$35,'Team Batting vs R - Season'!$R$6:$R$35),_xlfn.XLOOKUP(D20,'Team Batting vs L - Season'!$C$6:$C$35,'Team Batting vs L - Season'!$R$6:$R$35)) -> 1.009054 | G19: =E19 * (F19)^1.2 * 0.8 -> 2.0217493 | H19: =IFERROR(Game8NegBin!B23,"") -> 0.52756979 | I19: =IFERROR(IF(H19>0.5, -(H19/(1-H19))*100, ((1-H19)/H19)*100),"") -> -111.67148 | T19: =IFERROR((((R19-1)*H19-(1-H19))/(R19-1))*10,"") -> 10 | U19: =IF(AND(T19>1, T19<5), "BET", "") | V19: =H19-S19 -> 0.52756979 | W19: =IFERROR((1-(Dashboard!$E$7*0.1)) / (H19 - (Dashboard!$E$7*0.1)), "") -> 2.1049195 | Y19: =#REF! -> #REF! | Z19: =IFERROR(__xludf.DUMMYFUNCTION("IFERROR( INDEX( FILTER( MLOddsP!$K:$K, MLOddsP!$D:$D=""BetOnline.ag"", MLOddsP!$L:$L=$AA$4, MLOddsP!$I:$I = XLOOKUP(D19, Validations!$E$2:$E$31, Validations!$H$2:$H$31) ), 1 ), """" )"),"") | AA19: =IFERROR(__xludf.DUMMYFUNCTION("IFERROR( INDEX( FILTER( MLOddsP!$K:$K, MLOddsP!$D:$D=""BetOnline.ag"", MLOddsP!$L:$L=$AB$4, MLOddsP!$I:$I = XLOOKUP(D19, Validations!$E$2:$E$31, Validations!$H$2:$H$31) ), 1 ), """" )"),"") | AB19: =IFERROR(__xludf.DUMMYFUNCTION("IFERROR( INDEX( FILTER( MLOddsP!$K:$K, MLOddsP!$D:$D=""Pinnacle"", MLOddsP!$L:$L=$AC$4, MLOddsP!$I:$I = XLOOKUP(D19, Validations!$E$2:$E$31, Validations!$H$2:$H$31) ), 1 ), """" )"),"") | AC19: =IFERROR(__xludf.DUMMYFUNCTION("IFERROR( INDEX( FILTER( MLOddsP!$K:$K, MLOddsP!$D:$D=""Pinnacle"", MLOddsP!$L:$L=$AD$4, MLOddsP!$I:$I = XLOOKUP(D19, Validations!$E$2:$E$31, Validations!$H$2:$H$31) ), 1 ), """" )"),"") | AD19: =MAX(Z19, AB19) -> 0 | AE19: =MAX(AA19, AC19) -> 0 | AF19: =1/AD19 -> #DIV/0! | AG19: =1/AE19 -> #DIV/0! | AH19: =Game8Poisson!$F$30+Game8Poisson!$F$32 -> 0.63129076 | AI19: =Game8Poisson!$F$30 -> 0.42203166 | AJ19: =IFERROR((((AD19-1)*AH19-(1-AH19))/(AD19-1))*10,"") -> 10 | AK19: =IFERROR((((AE19-1)*AI19-(1-AI19))/(AE19-1))*10,"") -> 10 | AL19: =IF(Z19="","Pinnacle",IF(Z19>AB19,"BOL","Pinnacle")) -> Pinnacle | AM19: =IF(AA19="","Pinnacle",IF(AA19>AC19,"BOL","Pinnacle")) -> Pinnacle | AN19: =IFERROR((1-(Dashboard!$F$7*0.1)) / (AH19 - (Dashboard!$E$7*0.1)), "") -> 1.5057668 | AO19: =IFERROR((1-(Dashboard!$E$7*0.1)) / (AI19 - (Dashboard!$E$7*0.1)), "") -> 2.7947563
A20: 8 | B20: Eury Pérez | C20: R | D20: MIA | E20: =IFERROR(_xlfn.XLOOKUP(B20,'Starting Pitchers'!$W$6:$W$1400,'Starting Pitchers'!$AA$6:$AA$1400),2.52) -> 2.75 | F20: =IF(C20="R",_xlfn.XLOOKUP(D19,'Team Batting vs R - Season'!$C$6:$C$35,'Team Batting vs R - Season'!$R$6:$R$35),_xlfn.XLOOKUP(D19,'Team Batting vs L - Season'!$C$6:$C$35,'Team Batting vs L - Season'!$R$6:$R$35)) -> 0.87914817 | G20: =E20 * (F20)^1.2 * 0.8 -> 1.8849384 | H20: =IFERROR(Game8NegBin!C23,"") -> 0.47243021 | I20: =IFERROR(IF(H20>0.5, -(H20/(1-H20))*100, ((1-H20)/H20)*100),"") -> 111.67148 | T20: =IFERROR((((R20-1)*H20-(1-H20))/(R20-1))*10,"") -> 10 | U20: =IF(AND(T20>1, T20<5), "BET", "") | V20: =H20-S20 -> 0.47243021 | W20: =IFERROR((1-(Dashboard!$E$7*0.1)) / (H20 - (Dashboard!$E$7*0.1)), "") -> 2.4165602 | Y20: =#REF! -> #REF! | Z20: =IFERROR(__xludf.DUMMYFUNCTION("IFERROR( INDEX( FILTER( MLOddsP!$K:$K, MLOddsP!$D:$D=""BetOnline.ag"", MLOddsP!$L:$L=$AA$4, MLOddsP!$I:$I = XLOOKUP(D20, Validations!$E$2:$E$31, Validations!$H$2:$H$31) ), 1 ), """" )"),"") | AA20: =IFERROR(__xludf.DUMMYFUNCTION("IFERROR( INDEX( FILTER( MLOddsP!$K:$K, MLOddsP!$D:$D=""BetOnline.ag"", MLOddsP!$L:$L=$AB$4, MLOddsP!$I:$I = XLOOKUP(D20, Validations!$E$2:$E$31, Validations!$H$2:$H$31) ), 1 ), """" )"),"") | AB20: =IFERROR(__xludf.DUMMYFUNCTION("IFERROR( INDEX( FILTER( MLOddsP!$K:$K, MLOddsP!$D:$D=""Pinnacle"", MLOddsP!$L:$L=$AC$4, MLOddsP!$I:$I = XLOOKUP(D20, Validations!$E$2:$E$31, Validations!$H$2:$H$31) ), 1 ), """" )"),"") | AC20: =IFERROR(__xludf.DUMMYFUNCTION("IFERROR( INDEX( FILTER( MLOddsP!$K:$K, MLOddsP!$D:$D=""Pinnacle"", MLOddsP!$L:$L=$AD$4, MLOddsP!$I:$I = XLOOKUP(D20, Validations!$E$2:$E$31, Validations!$H$2:$H$31) ), 1 ), """" )"),"") | AD20: =MAX(Z20, AB20) -> 0 | AE20: =MAX(AA20, AC20) -> 0 | AF20: =1/AD20 -> #DIV/0! | AG20: =1/AE20 -> #DIV/0! | AH20: =Game8Poisson!$F$31+Game8Poisson!$F$32 -> 0.57796834 | AI20: =Game8Poisson!$F$31 -> 0.36870924 | AJ20: =IFERROR((((AD20-1)*AH20-(1-AH20))/(AD20-1))*10,"") -> 10 | AK20: =IFERROR((((AE20-1)*AI20-(1-AI20))/(AE20-1))*10,"") -> 10 | AL20: =IF(Z20="","Pinnacle",IF(Z20>AB20,"BOL","Pinnacle")) -> Pinnacle | AM20: =IF(AA20="","Pinnacle",IF(AA20>AC20,"BOL","Pinnacle")) -> Pinnacle | AN20: =IFERROR((1-(Dashboard!$F$7*0.1)) / (AH20 - (Dashboard!$E$7*0.1)), "") -> 1.673751 | AO20: =IFERROR((1-(Dashboard!$E$7*0.1)) / (AI20 - (Dashboard!$E$7*0.1)), "") -> 3.3493452
A21: 9 | B21: Reid Detmers | C21: L | D21: LAA | E21: =IFERROR(_xlfn.XLOOKUP(B21,'Starting Pitchers'!$W$6:$W$1400,'Starting Pitchers'!$AA$6:$AA$1400),2.52) -> 2.52 | F21: =IF(C21="R",_xlfn.XLOOKUP(D22,'Team Batting vs R - Season'!$C$6:$C$35,'Team Batting vs R - Season'!$R$6:$R$35),_xlfn.XLOOKUP(D22,'Team Batting vs L - Season'!$C$6:$C$35,'Team Batting vs L - Season'!$R$6:$R$35)) -> 1.0959013 | G21: =E21 * (F21)^1.2 * 0.8 -> 2.2501747 | H21: =IFERROR(Game9NegBin!B23,"") -> 0.43135334 | I21: =IFERROR(IF(H21>0.5, -(H21/(1-H21))*100, ((1-H21)/H21)*100),"") -> 131.82851 | T21: =IFERROR((((R21-1)*H21-(1-H21))/(R21-1))*10,"") -> 10 | U21: =IF(AND(T21>1, T21<5), "BET", "") | V21: =H21-S21 -> 0.43135334 | W21: =IFERROR((1-(Dashboard!$E$7*0.1)) / (H21 - (Dashboard!$E$7*0.1)), "") -> 2.7161338 | Y21: =#REF! -> #REF! | Z21: =IFERROR(__xludf.DUMMYFUNCTION("IFERROR( INDEX( FILTER( MLOddsP!$K:$K, MLOddsP!$D:$D=""BetOnline.ag"", MLOddsP!$L:$L=$AA$4, MLOddsP!$I:$I = XLOOKUP(D21, Validations!$E$2:$E$31, Validations!$H$2:$H$31) ), 1 ), """" )"),"") | AA21: =IFERROR(__xludf.DUMMYFUNCTION("IFERROR( INDEX( FILTER( MLOddsP!$K:$K, MLOddsP!$D:$D=""BetOnline.ag"", MLOddsP!$L:$L=$AB$4, MLOddsP!$I:$I = XLOOKUP(D21, Validations!$E$2:$E$31, Validations!$H$2:$H$31) ), 1 ), """" )"),"") | AB21: =IFERROR(__xludf.DUMMYFUNCTION("IFERROR( INDEX( FILTER( MLOddsP!$K:$K, MLOddsP!$D:$D=""Pinnacle"", MLOddsP!$L:$L=$AC$4, MLOddsP!$I:$I = XLOOKUP(D21, Validations!$E$2:$E$31, Validations!$H$2:$H$31) ), 1 ), """" )"),"") | AC21: =IFERROR(__xludf.DUMMYFUNCTION("IFERROR( INDEX( FILTER( MLOddsP!$K:$K, MLOddsP!$D:$D=""Pinnacle"", MLOddsP!$L:$L=$AD$4, MLOddsP!$I:$I = XLOOKUP(D21, Validations!$E$2:$E$31, Validations!$H$2:$H$31) ), 1 ), """" )"),"") | AD21: =MAX(Z21, AB21) -> 0 | AE21: =MAX(AA21, AC21) -> 0 | AF21: =1/AD21 -> #DIV/0! | AG21: =1/AE21 -> #DIV/0! | AH21: =Game9Poisson!$F$30+Game9Poisson!$F$32 -> 0.52054698 | AI21: =Game9Poisson!$F$30 -> 0.33788941 | AJ21: =IFERROR((((AD21-1)*AH21-(1-AH21))/(AD21-1))*10,"") -> 10 | AK21: =IFERROR((((AE21-1)*AI21-(1-AI21))/(AE21-1))*10,"") -> 10 | AL21: =IF(Z21="","Pinnacle",IF(Z21>AB21,"BOL","Pinnacle")) -> Pinnacle | AM21: =IF(AA21="","Pinnacle",IF(AA21>AC21,"BOL","Pinnacle")) -> Pinnacle | AN21: =IFERROR((1-(Dashboard!$F$7*0.1)) / (AH21 - (Dashboard!$E$7*0.1)), "") -> 1.9022845 | AO21: =IFERROR((1-(Dashboard!$E$7*0.1)) / (AI21 - (Dashboard!$E$7*0.1)), "") -> 3.7832705
A22: 9 | B22: Cristian Javier | C22: R | D22: HOU | E22: =IFERROR(_xlfn.XLOOKUP(B22,'Starting Pitchers'!$W$6:$W$1400,'Starting Pitchers'!$AA$6:$AA$1400),2.52) -> 3.6667 | F22: =IF(C22="R",_xlfn.XLOOKUP(D21,'Team Batting vs R - Season'!$C$6:$C$35,'Team Batting vs R - Season'!$R$6:$R$35),_xlfn.XLOOKUP(D21,'Team Batting vs L - Season'!$C$6:$C$35,'Team Batting vs L - Season'!$R$6:$R$35)) -> 0.92048186 | G22: =E22 * (F22)^1.2 * 0.8 -> 2.6557283 | H22: =IFERROR(Game9NegBin!C23,"") -> 0.56864666 | I22: =IFERROR(IF(H22>0.5, -(H22/(1-H22))*100, ((1-H22)/H22)*100),"") -> -131.82851 | T22: =IFERROR((((R22-1)*H22-(1-H22))/(R22-1))*10,"") -> 10 | U22: =IF(AND(T22>1, T22<5), "BET", "") | V22: =H22-S22 -> 0.56864666 | W22: =IFERROR((1-(Dashboard!$E$7*0.1)) / (H22 - (Dashboard!$E$7*0.1)), "") -> 1.9204234 | Y22: =#REF! -> #REF! | Z22: =IFERROR(__xludf.DUMMYFUNCTION("IFERROR( INDEX( FILTER( MLOddsP!$K:$K, MLOddsP!$D:$D=""BetOnline.ag"", MLOddsP!$L:$L=$AA$4, MLOddsP!$I:$I = XLOOKUP(D22, Validations!$E$2:$E$31, Validations!$H$2:$H$31) ), 1 ), """" )"),"") | AA22: =IFERROR(__xludf.DUMMYFUNCTION("IFERROR( INDEX( FILTER( MLOddsP!$K:$K, MLOddsP!$D:$D=""BetOnline.ag"", MLOddsP!$L:$L=$AB$4, MLOddsP!$I:$I = XLOOKUP(D22, Validations!$E$2:$E$31, Validations!$H$2:$H$31) ), 1 ), """" )"),"") | AB22: =IFERROR(__xludf.DUMMYFUNCTION("IFERROR( INDEX( FILTER( MLOddsP!$K:$K, MLOddsP!$D:$D=""Pinnacle"", MLOddsP!$L:$L=$AC$4, MLOddsP!$I:$I = XLOOKUP(D22, Validations!$E$2:$E$31, Validations!$H$2:$H$31) ), 1 ), """" )"),"") | AC22: =IFERROR(__xludf.DUMMYFUNCTION("IFERROR( INDEX( FILTER( MLOddsP!$K:$K, MLOddsP!$D:$D=""Pinnacle"", MLOddsP!$L:$L=$AD$4, MLOddsP!$I:$I = XLOOKUP(D22, Validations!$E$2:$E$31, Validations!$H$2:$H$31) ), 1 ), """" )"),"") | AD22: =MAX(Z22, AB22) -> 0 | AE22: =MAX(AA22, AC22) -> 0 | AF22: =1/AD22 -> #DIV/0! | AG22: =1/AE22 -> #DIV/0! | AH22: =Game9Poisson!$F$31+Game9Poisson!$F$32 -> 0.66211059 | AI22: =Game9Poisson!$F$31 -> 0.47945302 | AJ22: =IFERROR((((AD22-1)*AH22-(1-AH22))/(AD22-1))*10,"") -> 10 | AK22: =IFERROR((((AE22-1)*AI22-(1-AI22))/(AE22-1))*10,"") -> 10 | AL22: =IF(Z22="","Pinnacle",IF(Z22>AB22,"BOL","Pinnacle")) -> Pinnacle | AM22: =IF(AA22="","Pinnacle",IF(AA22>AC22,"BOL","Pinnacle")) -> Pinnacle | AN22: =IFERROR((1-(Dashboard!$F$7*0.1)) / (AH22 - (Dashboard!$E$7*0.1)), "") -> 1.4232075 | AO22: =IFERROR((1-(Dashboard!$E$7*0.1)) / (AI22 - (Dashboard!$E$7*0.1)), "") -> 2.3718351
A23: 10 | B23: Sean Burke | C23: R | D23: CHW | E23: =IFERROR(_xlfn.XLOOKUP(B23,'Starting Pitchers'!$W$6:$W$1400,'Starting Pitchers'!$AA$6:$AA$1400),2.52) -> 2.125 | F23: =IF(C23="R",_xlfn.XLOOKUP(D24,'Team Batting vs R - Season'!$C$6:$C$35,'Team Batting vs R - Season'!$R$6:$R$35),_xlfn.XLOOKUP(D24,'Team Batting vs L - Season'!$C$6:$C$35,'Team Batting vs L - Season'!$R$6:$R$35)) -> 1.0385781 | G23: =E23 * (F23)^1.2 * 0.8 -> 1.7789999 | H23: =IFERROR(Game10NegBin!B23,"") -> 0.55676541 | I23: =IFERROR(IF(H23>0.5, -(H23/(1-H23))*100, ((1-H23)/H23)*100),"") -> -125.61416 | T23: =IFERROR((((R23-1)*H23-(1-H23))/(R23-1))*10,"") -> 10 | U23: =IF(AND(T23>1, T23<5), "BET", "") | V23: =H23-S23 -> 0.55676541 | W23: =IFERROR((1-(Dashboard!$E$7*0.1)) / (H23 - (Dashboard!$E$7*0.1)), "") -> 1.9703769 | Y23: =#REF! -> #REF! | Z23: =IFERROR(__xludf.DUMMYFUNCTION("IFERROR( INDEX( FILTER( MLOddsP!$K:$K, MLOddsP!$D:$D=""BetOnline.ag"", MLOddsP!$L:$L=$AA$4, MLOddsP!$I:$I = XLOOKUP(D23, Validations!$E$2:$E$31, Validations!$H$2:$H$31) ), 1 ), """" )"),"") | AA23: =IFERROR(__xludf.DUMMYFUNCTION("IFERROR( INDEX( FILTER( MLOddsP!$K:$K, MLOddsP!$D:$D=""BetOnline.ag"", MLOddsP!$L:$L=$AB$4, MLOddsP!$I:$I = XLOOKUP(D23, Validations!$E$2:$E$31, Validations!$H$2:$H$31) ), 1 ), """" )"),"") | AB23: =IFERROR(__xludf.DUMMYFUNCTION("IFERROR( INDEX( FILTER( MLOddsP!$K:$K, MLOddsP!$D:$D=""Pinnacle"", MLOddsP!$L:$L=$AC$4, MLOddsP!$I:$I = XLOOKUP(D23, Validations!$E$2:$E$31, Validations!$H$2:$H$31) ), 1 ), """" )"),"") | AC23: =IFERROR(__xludf.DUMMYFUNCTION("IFERROR( INDEX( FILTER( MLOddsP!$K:$K, MLOddsP!$D:$D=""Pinnacle"", MLOddsP!$L:$L=$AD$4, MLOddsP!$I:$I = XLOOKUP(D23, Validations!$E$2:$E$31, Validations!$H$2:$H$31) ), 1 ), """" )"),"") | AD23: =MAX(Z23, AB23) -> 0 | AE23: =MAX(AA23, AC23) -> 0 | AF23: =1/AD23 -> #DIV/0! | AG23: =1/AE23 -> #DIV/0! | AH23: =Game10Poisson!$F$30+Game10Poisson!$F$32 -> 0.66637509 | AI23: =Game10Poisson!$F$30 -> 0.43825755 | AJ23: =IFERROR((((AD23-1)*AH23-(1-AH23))/(AD23-1))*10,"") -> 10 | AK23: =IFERROR((((AE23-1)*AI23-(1-AI23))/(AE23-1))*10,"") -> 10 | AL23: =IF(Z23="","Pinnacle",IF(Z23>AB23,"BOL","Pinnacle")) -> Pinnacle | AM23: =IF(AA23="","Pinnacle",IF(AA23>AC23,"BOL","Pinnacle")) -> Pinnacle | AN23: =IFERROR((1-(Dashboard!$F$7*0.1)) / (AH23 - (Dashboard!$E$7*0.1)), "") -> 1.4124915 | AO23: =IFERROR((1-(Dashboard!$E$7*0.1)) / (AI23 - (Dashboard!$E$7*0.1)), "") -> 2.6606945
A24: 10 | B24: Chad Patrick | C24: R | D24: MIL | E24: =IFERROR(_xlfn.XLOOKUP(B24,'Starting Pitchers'!$W$6:$W$1400,'Starting Pitchers'!$AA$6:$AA$1400),2.52) -> 2.25 | F24: =IF(C24="R",_xlfn.XLOOKUP(D23,'Team Batting vs R - Season'!$C$6:$C$35,'Team Batting vs R - Season'!$R$6:$R$35),_xlfn.XLOOKUP(D23,'Team Batting vs L - Season'!$C$6:$C$35,'Team Batting vs L - Season'!$R$6:$R$35)) -> 0.87324336 | G24: =E24 * (F24)^1.2 * 0.8 -> 1.5298007 | H24: =IFERROR(Game10NegBin!C23,"") -> 0.44323459 | I24: =IFERROR(IF(H24>0.5, -(H24/(1-H24))*100, ((1-H24)/H24)*100),"") -> 125.61416 | T24: =IFERROR((((R24-1)*H24-(1-H24))/(R24-1))*10,"") -> 10 | U24: =IF(AND(T24>1, T24<5), "BET", "") | V24: =H24-S24 -> 0.44323459 | W24: =IFERROR((1-(Dashboard!$E$7*0.1)) / (H24 - (Dashboard!$E$7*0.1)), "") -> 2.6221133 | Y24: =#REF! -> #REF! | Z24: =IFERROR(__xludf.DUMMYFUNCTION("IFERROR( INDEX( FILTER( MLOddsP!$K:$K, MLOddsP!$D:$D=""BetOnline.ag"", MLOddsP!$L:$L=$AA$4, MLOddsP!$I:$I = XLOOKUP(D24, Validations!$E$2:$E$31, Validations!$H$2:$H$31) ), 1 ), """" )"),"") | AA24: =IFERROR(__xludf.DUMMYFUNCTION("IFERROR( INDEX( FILTER( MLOddsP!$K:$K, MLOddsP!$D:$D=""BetOnline.ag"", MLOddsP!$L:$L=$AB$4, MLOddsP!$I:$I = XLOOKUP(D24, Validations!$E$2:$E$31, Validations!$H$2:$H$31) ), 1 ), """" )"),"") | AB24: =IFERROR(__xludf.DUMMYFUNCTION("IFERROR( INDEX( FILTER( MLOddsP!$K:$K, MLOddsP!$D:$D=""Pinnacle"", MLOddsP!$L:$L=$AC$4, MLOddsP!$I:$I = XLOOKUP(D24, Validations!$E$2:$E$31, Validations!$H$2:$H$31) ), 1 ), """" )"),"") | AC24: =IFERROR(__xludf.DUMMYFUNCTION("IFERROR( INDEX( FILTER( MLOddsP!$K:$K, MLOddsP!$D:$D=""Pinnacle"", MLOddsP!$L:$L=$AD$4, MLOddsP!$I:$I = XLOOKUP(D24, Validations!$E$2:$E$31, Validations!$H$2:$H$31) ), 1 ), """" )"),"") | AD24: =MAX(Z24, AB24) -> 0 | AE24: =MAX(AA24, AC24) -> 0 | AF24: =1/AD24 -> #DIV/0! | AG24: =1/AE24 -> #DIV/0! | AH24: =Game10Poisson!$F$31+Game10Poisson!$F$32 -> 0.56174245 | AI24: =Game10Poisson!$F$31 -> 0.33362491 | AJ24: =IFERROR((((AD24-1)*AH24-(1-AH24))/(AD24-1))*10,"") -> 10 | AK24: =IFERROR((((AE24-1)*AI24-(1-AI24))/(AE24-1))*10,"") -> 10 | AL24: =IF(Z24="","Pinnacle",IF(Z24>AB24,"BOL","Pinnacle")) -> Pinnacle | AM24: =IF(AA24="","Pinnacle",IF(AA24>AC24,"BOL","Pinnacle")) -> Pinnacle | AN24: =IFERROR((1-(Dashboard!$F$7*0.1)) / (AH24 - (Dashboard!$E$7*0.1)), "") -> 1.7325676 | AO24: =IFERROR((1-(Dashboard!$E$7*0.1)) / (AI24 - (Dashboard!$E$7*0.1)), "") -> 3.8523289
A25: 11 | B25: Michael Wacha | C25: R | D25: KCR | E25: =IFERROR(_xlfn.XLOOKUP(B25,'Starting Pitchers'!$W$6:$W$1400,'Starting Pitchers'!$AA$6:$AA$1400),2.52) -> 3.875 | F25: =IF(C25="R",_xlfn.XLOOKUP(D26,'Team Batting vs R - Season'!$C$6:$C$35,'Team Batting vs R - Season'!$R$6:$R$35),_xlfn.XLOOKUP(D26,'Team Batting vs L - Season'!$C$6:$C$35,'Team Batting vs L - Season'!$R$6:$R$35)) -> 1.0031492 | G25: =E25 * (F25)^1.2 * 0.8 -> 3.1117188 | H25: =IFERROR(Game11NegBin!B23,"") -> 0.6811515 | I25: =IFERROR(IF(H25>0.5, -(H25/(1-H25))*100, ((1-H25)/H25)*100),"") -> -213.62857 | T25: =IFERROR((((R25-1)*H25-(1-H25))/(R25-1))*10,"") -> 10 | U25: =IF(AND(T25>1, T25<5), "BET", "") | V25: =H25-S25 -> 0.6811515 | W25: =IFERROR((1-(Dashboard!$E$7*0.1)) / (H25 - (Dashboard!$E$7*0.1)), "") -> 1.5486495 | Y25: =#REF! -> #REF! | Z25: =IFERROR(__xludf.DUMMYFUNCTION("IFERROR( INDEX( FILTER( MLOddsP!$K:$K, MLOddsP!$D:$D=""BetOnline.ag"", MLOddsP!$L:$L=$AA$4, MLOddsP!$I:$I = XLOOKUP(D25, Validations!$E$2:$E$31, Validations!$H$2:$H$31) ), 1 ), """" )"),"") | AA25: =IFERROR(__xludf.DUMMYFUNCTION("IFERROR( INDEX( FILTER( MLOddsP!$K:$K, MLOddsP!$D:$D=""BetOnline.ag"", MLOddsP!$L:$L=$AB$4, MLOddsP!$I:$I = XLOOKUP(D25, Validations!$E$2:$E$31, Validations!$H$2:$H$31) ), 1 ), """" )"),"") | AB25: =IFERROR(__xludf.DUMMYFUNCTION("IFERROR( INDEX( FILTER( MLOddsP!$K:$K, MLOddsP!$D:$D=""Pinnacle"", MLOddsP!$L:$L=$AC$4, MLOddsP!$I:$I = XLOOKUP(D25, Validations!$E$2:$E$31, Validations!$H$2:$H$31) ), 1 ), """" )"),"") | AC25: =IFERROR(__xludf.DUMMYFUNCTION("IFERROR( INDEX( FILTER( MLOddsP!$K:$K, MLOddsP!$D:$D=""Pinnacle"", MLOddsP!$L:$L=$AD$4, MLOddsP!$I:$I = XLOOKUP(D25, Validations!$E$2:$E$31, Validations!$H$2:$H$31) ), 1 ), """" )"),"") | AD25: =MAX(Z25, AB25) -> 0 | AE25: =MAX(AA25, AC25) -> 0 | AF25: =1/AD25 -> #DIV/0! | AG25: =1/AE25 -> #DIV/0! | AH25: =Game11Poisson!$F$30+Game11Poisson!$F$32 -> 0.76944418 | AI25: =Game11Poisson!$F$30 -> 0.60721892 | AJ25: =IFERROR((((AD25-1)*AH25-(1-AH25))/(AD25-1))*10,"") -> 10 | AK25: =IFERROR((((AE25-1)*AI25-(1-AI25))/(AE25-1))*10,"") -> 10 | AL25: =IF(Z25="","Pinnacle",IF(Z25>AB25,"BOL","Pinnacle")) -> Pinnacle | AM25: =IF(AA25="","Pinnacle",IF(AA25>AC25,"BOL","Pinnacle")) -> Pinnacle | AN25: =IFERROR((1-(Dashboard!$F$7*0.1)) / (AH25 - (Dashboard!$E$7*0.1)), "") -> 1.1950212 | AO25: =IFERROR((1-(Dashboard!$E$7*0.1)) / (AI25 - (Dashboard!$E$7*0.1)), "") -> 1.7743818
A26: 11 | B26: Reynaldo López | C26: R | D26: ATL | E26: =IFERROR(_xlfn.XLOOKUP(B26,'Starting Pitchers'!$W$6:$W$1400,'Starting Pitchers'!$AA$6:$AA$1400),2.52) -> 2.52 | F26: =IF(C26="R",_xlfn.XLOOKUP(D25,'Team Batting vs R - Season'!$C$6:$C$35,'Team Batting vs R - Season'!$R$6:$R$35),_xlfn.XLOOKUP(D25,'Team Batting vs L - Season'!$C$6:$C$35,'Team Batting vs L - Season'!$R$6:$R$35)) -> 0.9854348 | G26: =E26 * (F26)^1.2 * 0.8 -> 1.9808154 | H26: =IFERROR(Game11NegBin!C23,"") -> 0.3188485 | I26: =IFERROR(IF(H26>0.5, -(H26/(1-H26))*100, ((1-H26)/H26)*100),"") -> 213.62857 | T26: =IFERROR((((R26-1)*H26-(1-H26))/(R26-1))*10,"") -> 10 | U26: =IF(AND(T26>1, T26<5), "BET", "") | V26: =H26-S26 -> 0.3188485 | W26: =IFERROR((1-(Dashboard!$E$7*0.1)) / (H26 - (Dashboard!$E$7*0.1)), "") -> 4.112434 | Y26: =#REF! -> #REF! | Z26: =IFERROR(__xludf.DUMMYFUNCTION("IFERROR( INDEX( FILTER( MLOddsP!$K:$K, MLOddsP!$D:$D=""BetOnline.ag"", MLOddsP!$L:$L=$AA$4, MLOddsP!$I:$I = XLOOKUP(D26, Validations!$E$2:$E$31, Validations!$H$2:$H$31) ), 1 ), """" )"),"") | AA26: =IFERROR(__xludf.DUMMYFUNCTION("IFERROR( INDEX( FILTER( MLOddsP!$K:$K, MLOddsP!$D:$D=""BetOnline.ag"", MLOddsP!$L:$L=$AB$4, MLOddsP!$I:$I = XLOOKUP(D26, Validations!$E$2:$E$31, Validations!$H$2:$H$31) ), 1 ), """" )"),"") | AB26: =IFERROR(__xludf.DUMMYFUNCTION("IFERROR( INDEX( FILTER( MLOddsP!$K:$K, MLOddsP!$D:$D=""Pinnacle"", MLOddsP!$L:$L=$AC$4, MLOddsP!$I:$I = XLOOKUP(D26, Validations!$E$2:$E$31, Validations!$H$2:$H$31) ), 1 ), """" )"),"") | AC26: =IFERROR(__xludf.DUMMYFUNCTION("IFERROR( INDEX( FILTER( MLOddsP!$K:$K, MLOddsP!$D:$D=""Pinnacle"", MLOddsP!$L:$L=$AD$4, MLOddsP!$I:$I = XLOOKUP(D26, Validations!$E$2:$E$31, Validations!$H$2:$H$31) ), 1 ), """" )"),"") | AD26: =MAX(Z26, AB26) -> 0 | AE26: =MAX(AA26, AC26) -> 0 | AF26: =1/AD26 -> #DIV/0! | AG26: =1/AE26 -> #DIV/0! | AH26: =Game11Poisson!$F$31+Game11Poisson!$F$32 -> 0.39278108 | AI26: =Game11Poisson!$F$31 -> 0.23055582 | AJ26: =IFERROR((((AD26-1)*AH26-(1-AH26))/(AD26-1))*10,"") -> 10 | AK26: =IFERROR((((AE26-1)*AI26-(1-AI26))/(AE26-1))*10,"") -> 10 | AL26: =IF(Z26="","Pinnacle",IF(Z26>AB26,"BOL","Pinnacle")) -> Pinnacle | AM26: =IF(AA26="","Pinnacle",IF(AA26>AC26,"BOL","Pinnacle")) -> Pinnacle | AN26: =IFERROR((1-(Dashboard!$F$7*0.1)) / (AH26 - (Dashboard!$E$7*0.1)), "") -> 2.732417 | AO26: =IFERROR((1-(Dashboard!$E$7*0.1)) / (AI26 - (Dashboard!$E$7*0.1)), "") -> 6.893603
A27: 12 | B27: Will Warren | C27: R | D27: NYY | E27: =IFERROR(_xlfn.XLOOKUP(B27,'Starting Pitchers'!$W$6:$W$1400,'Starting Pitchers'!$AA$6:$AA$1400),2.52) -> 2.875 | F27: =IF(C27="R",_xlfn.XLOOKUP(D28,'Team Batting vs R - Season'!$C$6:$C$35,'Team Batting vs R - Season'!$R$6:$R$35),_xlfn.XLOOKUP(D28,'Team Batting vs L - Season'!$C$6:$C$35,'Team Batting vs L - Season'!$R$6:$R$35)) -> 1.0031492 | G27: =E27 * (F27)^1.2 * 0.8 -> 2.3086946 | H27: =IFERROR(Game12NegBin!B23,"") -> 0.49668442 | I27: =IFERROR(IF(H27>0.5, -(H27/(1-H27))*100, ((1-H27)/H27)*100),"") -> 101.33509 | T27: =IFERROR((((R27-1)*H27-(1-H27))/(R27-1))*10,"") -> 10 | U27: =IF(AND(T27>1, T27<5), "BET", "") | V27: =H27-S27 -> 0.49668442 | W27: =IFERROR((1-(Dashboard!$E$7*0.1)) / (H27 - (Dashboard!$E$7*0.1)), "") -> 2.268806 | Y27: =#REF! -> #REF! | Z27: =IFERROR(__xludf.DUMMYFUNCTION("IFERROR( INDEX( FILTER( MLOddsP!$K:$K, MLOddsP!$D:$D=""BetOnline.ag"", MLOddsP!$L:$L=$AA$4, MLOddsP!$I:$I = XLOOKUP(D27, Validations!$E$2:$E$31, Validations!$H$2:$H$31) ), 1 ), """" )"),"") | AA27: =IFERROR(__xludf.DUMMYFUNCTION("IFERROR( INDEX( FILTER( MLOddsP!$K:$K, MLOddsP!$D:$D=""BetOnline.ag"", MLOddsP!$L:$L=$AB$4, MLOddsP!$I:$I = XLOOKUP(D27, Validations!$E$2:$E$31, Validations!$H$2:$H$31) ), 1 ), """" )"),"") | AB27: =IFERROR(__xludf.DUMMYFUNCTION("IFERROR( INDEX( FILTER( MLOddsP!$K:$K, MLOddsP!$D:$D=""Pinnacle"", MLOddsP!$L:$L=$AC$4, MLOddsP!$I:$I = XLOOKUP(D27, Validations!$E$2:$E$31, Validations!$H$2:$H$31) ), 1 ), """" )"),"") | AC27: =IFERROR(__xludf.DUMMYFUNCTION("IFERROR( INDEX( FILTER( MLOddsP!$K:$K, MLOddsP!$D:$D=""Pinnacle"", MLOddsP!$L:$L=$AD$4, MLOddsP!$I:$I = XLOOKUP(D27, Validations!$E$2:$E$31, Validations!$H$2:$H$31) ), 1 ), """" )"),"") | AD27: =MAX(Z27, AB27) -> 0 | AE27: =MAX(AA27, AC27) -> 0 | AF27: =1/AD27 -> #DIV/0! | AG27: =1/AE27 -> #DIV/0! | AH27: =Game12Poisson!$F$30+Game12Poisson!$F$32 -> 0.59218736 | AI27: =Game12Poisson!$F$30 -> 0.40108147 | AJ27: =IFERROR((((AD27-1)*AH27-(1-AH27))/(AD27-1))*10,"") -> 10 | AK27: =IFERROR((((AE27-1)*AI27-(1-AI27))/(AE27-1))*10,"") -> 10 | AL27: =IF(Z27="","Pinnacle",IF(Z27>AB27,"BOL","Pinnacle")) -> Pinnacle | AM27: =IF(AA27="","Pinnacle",IF(AA27>AC27,"BOL","Pinnacle")) -> Pinnacle | AN27: =IFERROR((1-(Dashboard!$F$7*0.1)) / (AH27 - (Dashboard!$E$7*0.1)), "") -> 1.6253973 | AO27: =IFERROR((1-(Dashboard!$E$7*0.1)) / (AI27 - (Dashboard!$E$7*0.1)), "") -> 2.9892241
A28: 12 | B28: Tyler Mahle | C28: R | D28: SFG | E28: =IFERROR(_xlfn.XLOOKUP(B28,'Starting Pitchers'!$W$6:$W$1400,'Starting Pitchers'!$AA$6:$AA$1400),2.52) -> 2.52 | F28: =IF(C28="R",_xlfn.XLOOKUP(D27,'Team Batting vs R - Season'!$C$6:$C$35,'Team Batting vs R - Season'!$R$6:$R$35),_xlfn.XLOOKUP(D27,'Team Batting vs L - Season'!$C$6:$C$35,'Team Batting vs L - Season'!$R$6:$R$35)) -> 1.1271503 | G28: =E28 * (F28)^1.2 * 0.8 -> 2.3273876 | H28: =IFERROR(Game12NegBin!C23,"") -> 0.50331558 | I28: =IFERROR(IF(H28>0.5, -(H28/(1-H28))*100, ((1-H28)/H28)*100),"") -> -101.33509 | T28: =IFERROR((((R28-1)*H28-(1-H28))/(R28-1))*10,"") -> 10 | U28: =IF(AND(T28>1, T28<5), "BET", "") | V28: =H28-S28 -> 0.50331558 | W28: =IFERROR((1-(Dashboard!$E$7*0.1)) / (H28 - (Dashboard!$E$7*0.1)), "") -> 2.2315032 | Y28: =#REF! -> #REF! | Z28: =IFERROR(__xludf.DUMMYFUNCTION("IFERROR( INDEX( FILTER( MLOddsP!$K:$K, MLOddsP!$D:$D=""BetOnline.ag"", MLOddsP!$L:$L=$AA$4, MLOddsP!$I:$I = XLOOKUP(D28, Validations!$E$2:$E$31, Validations!$H$2:$H$31) ), 1 ), """" )"),"") | AA28: =IFERROR(__xludf.DUMMYFUNCTION("IFERROR( INDEX( FILTER( MLOddsP!$K:$K, MLOddsP!$D:$D=""BetOnline.ag"", MLOddsP!$L:$L=$AB$4, MLOddsP!$I:$I = XLOOKUP(D28, Validations!$E$2:$E$31, Validations!$H$2:$H$31) ), 1 ), """" )"),"") | AB28: =IFERROR(__xludf.DUMMYFUNCTION("IFERROR( INDEX( FILTER( MLOddsP!$K:$K, MLOddsP!$D:$D=""Pinnacle"", MLOddsP!$L:$L=$AC$4, MLOddsP!$I:$I = XLOOKUP(D28, Validations!$E$2:$E$31, Validations!$H$2:$H$31) ), 1 ), """" )"),"") | AC28: =IFERROR(__xludf.DUMMYFUNCTION("IFERROR( INDEX( FILTER( MLOddsP!$K:$K, MLOddsP!$D:$D=""Pinnacle"", MLOddsP!$L:$L=$AD$4, MLOddsP!$I:$I = XLOOKUP(D28, Validations!$E$2:$E$31, Validations!$H$2:$H$31) ), 1 ), """" )"),"") | AD28: =MAX(Z28, AB28) -> 0 | AE28: =MAX(AA28, AC28) -> 0 | AF28: =1/AD28 -> #DIV/0! | AG28: =1/AE28 -> #DIV/0! | AH28: =Game12Poisson!$F$31+Game12Poisson!$F$32 -> 0.59891853 | AI28: =Game12Poisson!$F$31 -> 0.40781264 | AJ28: =IFERROR((((AD28-1)*AH28-(1-AH28))/(AD28-1))*10,"") -> 10 | AK28: =IFERROR((((AE28-1)*AI28-(1-AI28))/(AE28-1))*10,"") -> 10 | AL28: =IF(Z28="","Pinnacle",IF(Z28>AB28,"BOL","Pinnacle")) -> Pinnacle | AM28: =IF(AA28="","Pinnacle",IF(AA28>AC28,"BOL","Pinnacle")) -> Pinnacle | AN28: =IFERROR((1-(Dashboard!$F$7*0.1)) / (AH28 - (Dashboard!$E$7*0.1)), "") -> 1.6034682 | AO28: =IFERROR((1-(Dashboard!$E$7*0.1)) / (AI28 - (Dashboard!$E$7*0.1)), "") -> 2.9238566
A29: 13 | B29: Jack Flaherty | C29: R | D29: DET | E29: =IFERROR(_xlfn.XLOOKUP(B29,'Starting Pitchers'!$W$6:$W$1400,'Starting Pitchers'!$AA$6:$AA$1400),2.52) -> 2.875 | F29: =IF(C29="R",_xlfn.XLOOKUP(D30,'Team Batting vs R - Season'!$C$6:$C$35,'Team Batting vs R - Season'!$R$6:$R$35),_xlfn.XLOOKUP(D30,'Team Batting vs L - Season'!$C$6:$C$35,'Team Batting vs L - Season'!$R$6:$R$35)) -> 0.99724442 | G29: =E29 * (F29)^1.2 * 0.8 -> 2.2923967 | H29: =IFERROR(Game13NegBin!B23,"") -> 0.54822678 | I29: =IFERROR(IF(H29>0.5, -(H29/(1-H29))*100, ((1-H29)/H29)*100),"") -> -121.35 | T29: =IFERROR((((R29-1)*H29-(1-H29))/(R29-1))*10,"") -> 10 | U29: =IF(AND(T29>1, T29<5), "BET", "") | V29: =H29-S29 -> 0.54822678 | W29: =IFERROR((1-(Dashboard!$E$7*0.1)) / (H29 - (Dashboard!$E$7*0.1)), "") -> 2.0079121 | Y29: =#REF! -> #REF! | Z29: =IFERROR(__xludf.DUMMYFUNCTION("IFERROR( INDEX( FILTER( MLOddsP!$K:$K, MLOddsP!$D:$D=""BetOnline.ag"", MLOddsP!$L:$L=$AA$4, MLOddsP!$I:$I = XLOOKUP(D29, Validations!$E$2:$E$31, Validations!$H$2:$H$31) ), 1 ), """" )"),"") | AA29: =IFERROR(__xludf.DUMMYFUNCTION("IFERROR( INDEX( FILTER( MLOddsP!$K:$K, MLOddsP!$D:$D=""BetOnline.ag"", MLOddsP!$L:$L=$AB$4, MLOddsP!$I:$I = XLOOKUP(D29, Validations!$E$2:$E$31, Validations!$H$2:$H$31) ), 1 ), """" )"),"") | AB29: =IFERROR(__xludf.DUMMYFUNCTION("IFERROR( INDEX( FILTER( MLOddsP!$K:$K, MLOddsP!$D:$D=""Pinnacle"", MLOddsP!$L:$L=$AC$4, MLOddsP!$I:$I = XLOOKUP(D29, Validations!$E$2:$E$31, Validations!$H$2:$H$31) ), 1 ), """" )"),"") | AC29: =IFERROR(__xludf.DUMMYFUNCTION("IFERROR( INDEX( FILTER( MLOddsP!$K:$K, MLOddsP!$D:$D=""Pinnacle"", MLOddsP!$L:$L=$AD$4, MLOddsP!$I:$I = XLOOKUP(D29, Validations!$E$2:$E$31, Validations!$H$2:$H$31) ), 1 ), """" )"),"") | AD29: =MAX(Z29, AB29) -> 0 | AE29: =MAX(AA29, AC29) -> 0 | AF29: =1/AD29 -> #DIV/0! | AG29: =1/AE29 -> #DIV/0! | AH29: =Game13Poisson!$F$30+Game13Poisson!$F$32 -> 0.64652805 | AI29: =Game13Poisson!$F$30 -> 0.44949443 | AJ29: =IFERROR((((AD29-1)*AH29-(1-AH29))/(AD29-1))*10,"") -> 10 | AK29: =IFERROR((((AE29-1)*AI29-(1-AI29))/(AE29-1))*10,"") -> 10 | AL29: =IF(Z29="","Pinnacle",IF(Z29>AB29,"BOL","Pinnacle")) -> Pinnacle | AM29: =IF(AA29="","Pinnacle",IF(AA29>AC29,"BOL","Pinnacle")) -> Pinnacle | AN29: =IFERROR((1-(Dashboard!$F$7*0.1)) / (AH29 - (Dashboard!$E$7*0.1)), "") -> 1.4637858 | AO29: =IFERROR((1-(Dashboard!$E$7*0.1)) / (AI29 - (Dashboard!$E$7*0.1)), "") -> 2.5751484
A30: 13 | B30: Randy Vásquez | C30: R | D30: SDP | E30: =IFERROR(_xlfn.XLOOKUP(B30,'Starting Pitchers'!$W$6:$W$1400,'Starting Pitchers'!$AA$6:$AA$1400),2.52) -> 2.625 | F30: =IF(C30="R",_xlfn.XLOOKUP(D29,'Team Batting vs R - Season'!$C$6:$C$35,'Team Batting vs R - Season'!$R$6:$R$35),_xlfn.XLOOKUP(D29,'Team Batting vs L - Season'!$C$6:$C$35,'Team Batting vs L - Season'!$R$6:$R$35)) -> 0.97362517 | G30: =E30 * (F30)^1.2 * 0.8 -> 2.033712 | H30: =IFERROR(Game13NegBin!C23,"") -> 0.45177322 | I30: =IFERROR(IF(H30>0.5, -(H30/(1-H30))*100, ((1-H30)/H30)*100),"") -> 121.35 | T30: =IFERROR((((R30-1)*H30-(1-H30))/(R30-1))*10,"") -> 10 | U30: =IF(AND(T30>1, T30<5), "BET", "") | V30: =H30-S30 -> 0.45177322 | W30: =IFERROR((1-(Dashboard!$E$7*0.1)) / (H30 - (Dashboard!$E$7*0.1)), "") -> 2.5584665 | Y30: =#REF! -> #REF! | Z30: =IFERROR(__xludf.DUMMYFUNCTION("IFERROR( INDEX( FILTER( MLOddsP!$K:$K, MLOddsP!$D:$D=""BetOnline.ag"", MLOddsP!$L:$L=$AA$4, MLOddsP!$I:$I = XLOOKUP(D30, Validations!$E$2:$E$31, Validations!$H$2:$H$31) ), 1 ), """" )"),"") | AA30: =IFERROR(__xludf.DUMMYFUNCTION("IFERROR( INDEX( FILTER( MLOddsP!$K:$K, MLOddsP!$D:$D=""BetOnline.ag"", MLOddsP!$L:$L=$AB$4, MLOddsP!$I:$I = XLOOKUP(D30, Validations!$E$2:$E$31, Validations!$H$2:$H$31) ), 1 ), """" )"),"") | AB30: =IFERROR(__xludf.DUMMYFUNCTION("IFERROR( INDEX( FILTER( MLOddsP!$K:$K, MLOddsP!$D:$D=""Pinnacle"", MLOddsP!$L:$L=$AC$4, MLOddsP!$I:$I = XLOOKUP(D30, Validations!$E$2:$E$31, Validations!$H$2:$H$31) ), 1 ), """" )"),"") | AC30: =IFERROR(__xludf.DUMMYFUNCTION("IFERROR( INDEX( FILTER( MLOddsP!$K:$K, MLOddsP!$D:$D=""Pinnacle"", MLOddsP!$L:$L=$AD$4, MLOddsP!$I:$I = XLOOKUP(D30, Validations!$E$2:$E$31, Validations!$H$2:$H$31) ), 1 ), """" )"),"") | AD30: =MAX(Z30, AB30) -> 0 | AE30: =MAX(AA30, AC30) -> 0 | AF30: =1/AD30 -> #DIV/0! | AG30: =1/AE30 -> #DIV/0! | AH30: =Game13Poisson!$F$31+Game13Poisson!$F$32 -> 0.55050557 | AI30: =Game13Poisson!$F$31 -> 0.35347195 | AJ30: =IFERROR((((AD30-1)*AH30-(1-AH30))/(AD30-1))*10,"") -> 10 | AK30: =IFERROR((((AE30-1)*AI30-(1-AI30))/(AE30-1))*10,"") -> 10 | AL30: =IF(Z30="","Pinnacle",IF(Z30>AB30,"BOL","Pinnacle")) -> Pinnacle | AM30: =IF(AA30="","Pinnacle",IF(AA30>AC30,"BOL","Pinnacle")) -> Pinnacle | AN30: =IFERROR((1-(Dashboard!$F$7*0.1)) / (AH30 - (Dashboard!$E$7*0.1)), "") -> 1.7757827 | AO30: =IFERROR((1-(Dashboard!$E$7*0.1)) / (AI30 - (Dashboard!$E$7*0.1)), "") -> 3.5506887
A31: 14 | B31: Eduardo Rodriguez | C31: L | D31: ARI | E31: =IFERROR(_xlfn.XLOOKUP(B31,'Starting Pitchers'!$W$6:$W$1400,'Starting Pitchers'!$AA$6:$AA$1400),2.52) -> 2 | F31: =IF(C31="R",_xlfn.XLOOKUP(D32,'Team Batting vs R - Season'!$C$6:$C$35,'Team Batting vs R - Season'!$R$6:$R$35),_xlfn.XLOOKUP(D32,'Team Batting vs L - Season'!$C$6:$C$35,'Team Batting vs L - Season'!$R$6:$R$35)) -> 1.1464865 | G31: =E31 * (F31)^1.2 * 0.8 -> 1.885223 | H31: =IFERROR(Game14NegBin!B23,"") -> 0.58263952 | I31: =IFERROR(IF(H31>0.5, -(H31/(1-H31))*100, ((1-H31)/H31)*100),"") -> -139.60103 | T31: =IFERROR((((R31-1)*H31-(1-H31))/(R31-1))*10,"") -> 10 | U31: =IF(AND(T31>1, T31<5), "BET", "") | V31: =H31-S31 -> 0.58263952 | W31: =IFERROR((1-(Dashboard!$E$7*0.1)) / (H31 - (Dashboard!$E$7*0.1)), "") -> 1.8647458 | Y31: =#REF! -> #REF! | Z31: =IFERROR(__xludf.DUMMYFUNCTION("IFERROR( INDEX( FILTER( MLOddsP!$K:$K, MLOddsP!$D:$D=""BetOnline.ag"", MLOddsP!$L:$L=$AA$4, MLOddsP!$I:$I = XLOOKUP(D31, Validations!$E$2:$E$31, Validations!$H$2:$H$31) ), 1 ), """" )"),"") | AA31: =IFERROR(__xludf.DUMMYFUNCTION("IFERROR( INDEX( FILTER( MLOddsP!$K:$K, MLOddsP!$D:$D=""BetOnline.ag"", MLOddsP!$L:$L=$AB$4, MLOddsP!$I:$I = XLOOKUP(D31, Validations!$E$2:$E$31, Validations!$H$2:$H$31) ), 1 ), """" )"),"") | AB31: =IFERROR(__xludf.DUMMYFUNCTION("IFERROR( INDEX( FILTER( MLOddsP!$K:$K, MLOddsP!$D:$D=""Pinnacle"", MLOddsP!$L:$L=$AC$4, MLOddsP!$I:$I = XLOOKUP(D31, Validations!$E$2:$E$31, Validations!$H$2:$H$31) ), 1 ), """" )"),"") | AC31: =IFERROR(__xludf.DUMMYFUNCTION("IFERROR( INDEX( FILTER( MLOddsP!$K:$K, MLOddsP!$D:$D=""Pinnacle"", MLOddsP!$L:$L=$AD$4, MLOddsP!$I:$I = XLOOKUP(D31, Validations!$E$2:$E$31, Validations!$H$2:$H$31) ), 1 ), """" )"),"") | AD31: =MAX(Z31, AB31) -> 0 | AE31: =MAX(AA31, AC31) -> 0 | AF31: =1/AD31 -> #DIV/0! | AG31: =1/AE31 -> #DIV/0! | AH31: =Game14Poisson!$F$30+Game14Poisson!$F$32 -> 0.68813509 | AI31: =Game14Poisson!$F$30 -> 0.46548504 | AJ31: =IFERROR((((AD31-1)*AH31-(1-AH31))/(AD31-1))*10,"") -> 10 | AK31: =IFERROR((((AE31-1)*AI31-(1-AI31))/(AE31-1))*10,"") -> 10 | AL31: =IF(Z31="","Pinnacle",IF(Z31>AB31,"BOL","Pinnacle")) -> Pinnacle | AM31: =IF(AA31="","Pinnacle",IF(AA31>AC31,"BOL","Pinnacle")) -> Pinnacle | AN31: =IFERROR((1-(Dashboard!$F$7*0.1)) / (AH31 - (Dashboard!$E$7*0.1)), "") -> 1.3602317 | AO31: =IFERROR((1-(Dashboard!$E$7*0.1)) / (AI31 - (Dashboard!$E$7*0.1)), "") -> 2.4624811
A32: 14 | B32: Tyler Glasnow | C32: R | D32: LAD | E32: =IFERROR(_xlfn.XLOOKUP(B32,'Starting Pitchers'!$W$6:$W$1400,'Starting Pitchers'!$AA$6:$AA$1400),2.52) -> 1.7143 | F32: =IF(C32="R",_xlfn.XLOOKUP(D31,'Team Batting vs R - Season'!$C$6:$C$35,'Team Batting vs R - Season'!$R$6:$R$35),_xlfn.XLOOKUP(D31,'Team Batting vs L - Season'!$C$6:$C$35,'Team Batting vs L - Season'!$R$6:$R$35)) -> 1.0858166 | G32: =E32 * (F32)^1.2 * 0.8 -> 1.5138561 | H32: =IFERROR(Game14NegBin!C23,"") -> 0.41736048 | I32: =IFERROR(IF(H32>0.5, -(H32/(1-H32))*100, ((1-H32)/H32)*100),"") -> 139.60103 | T32: =IFERROR((((R32-1)*H32-(1-H32))/(R32-1))*10,"") -> 10 | U32: =IF(AND(T32>1, T32<5), "BET", "") | V32: =H32-S32 -> 0.41736048 | W32: =IFERROR((1-(Dashboard!$E$7*0.1)) / (H32 - (Dashboard!$E$7*0.1)), "") -> 2.8358918 | Y32: =#REF! -> #REF! | Z32: =IFERROR(__xludf.DUMMYFUNCTION("IFERROR( INDEX( FILTER( MLOddsP!$K:$K, MLOddsP!$D:$D=""BetOnline.ag"", MLOddsP!$L:$L=$AA$4, MLOddsP!$I:$I = XLOOKUP(D32, Validations!$E$2:$E$31, Validations!$H$2:$H$31) ), 1 ), """" )"),"") | AA32: =IFERROR(__xludf.DUMMYFUNCTION("IFERROR( INDEX( FILTER( MLOddsP!$K:$K, MLOddsP!$D:$D=""BetOnline.ag"", MLOddsP!$L:$L=$AB$4, MLOddsP!$I:$I = XLOOKUP(D32, Validations!$E$2:$E$31, Validations!$H$2:$H$31) ), 1 ), """" )"),"") | AB32: =IFERROR(__xludf.DUMMYFUNCTION("IFERROR( INDEX( FILTER( MLOddsP!$K:$K, MLOddsP!$D:$D=""Pinnacle"", MLOddsP!$L:$L=$AC$4, MLOddsP!$I:$I = XLOOKUP(D32, Validations!$E$2:$E$31, Validations!$H$2:$H$31) ), 1 ), """" )"),"") | AC32: =IFERROR(__xludf.DUMMYFUNCTION("IFERROR( INDEX( FILTER( MLOddsP!$K:$K, MLOddsP!$D:$D=""Pinnacle"", MLOddsP!$L:$L=$AD$4, MLOddsP!$I:$I = XLOOKUP(D32, Validations!$E$2:$E$31, Validations!$H$2:$H$31) ), 1 ), """" )"),"") | AD32: =MAX(Z32, AB32) -> 0 | AE32: =MAX(AA32, AC32) -> 0 | AF32: =1/AD32 -> #DIV/0! | AG32: =1/AE32 -> #DIV/0! | AH32: =Game14Poisson!$F$31+Game14Poisson!$F$32 -> 0.53451496 | AI32: =Game14Poisson!$F$31 -> 0.31186491 | AJ32: =IFERROR((((AD32-1)*AH32-(1-AH32))/(AD32-1))*10,"") -> 10 | AK32: =IFERROR((((AE32-1)*AI32-(1-AI32))/(AE32-1))*10,"") -> 10 | AL32: =IF(Z32="","Pinnacle",IF(Z32>AB32,"BOL","Pinnacle")) -> Pinnacle | AM32: =IF(AA32="","Pinnacle",IF(AA32>AC32,"BOL","Pinnacle")) -> Pinnacle | AN32: =IFERROR((1-(Dashboard!$F$7*0.1)) / (AH32 - (Dashboard!$E$7*0.1)), "") -> 1.8411334 | AO32: =IFERROR((1-(Dashboard!$E$7*0.1)) / (AI32 - (Dashboard!$E$7*0.1)), "") -> 4.2479899
A33: 15 | B33: Joey Cantillo | C33: L | D33: CLE | E33: =IFERROR(_xlfn.XLOOKUP(B33,'Starting Pitchers'!$W$6:$W$1400,'Starting Pitchers'!$AA$6:$AA$1400),2.52) -> 1.875 | F33: =IF(C33="R",_xlfn.XLOOKUP(D34,'Team Batting vs R - Season'!$C$6:$C$35,'Team Batting vs R - Season'!$R$6:$R$35),_xlfn.XLOOKUP(D34,'Team Batting vs L - Season'!$C$6:$C$35,'Team Batting vs L - Season'!$R$6:$R$35)) -> 1.045316 | G33: =E33 * (F33)^1.2 * 0.8 -> 1.581934 | H33: =IFERROR(Game15NegBin!B23,"") -> 0.52758183 | I33: =IFERROR(IF(H33>0.5, -(H33/(1-H33))*100, ((1-H33)/H33)*100),"") -> -111.67687 | T33: =IFERROR((((R33-1)*H33-(1-H33))/(R33-1))*10,"") -> 10 | U33: =IF(AND(T33>1, T33<5), "BET", "") | V33: =H33-S33 -> 0.52758183 | W33: =IFERROR((1-(Dashboard!$E$7*0.1)) / (H33 - (Dashboard!$E$7*0.1)), "") -> 2.1048602 | Y33: =#REF! -> #REF! | Z33: =IFERROR(__xludf.DUMMYFUNCTION("IFERROR( INDEX( FILTER( MLOddsP!$K:$K, MLOddsP!$D:$D=""BetOnline.ag"", MLOddsP!$L:$L=$AA$4, MLOddsP!$I:$I = XLOOKUP(D33, Validations!$E$2:$E$31, Validations!$H$2:$H$31) ), 1 ), """" )"),"") | AA33: =IFERROR(__xludf.DUMMYFUNCTION("IFERROR( INDEX( FILTER( MLOddsP!$K:$K, MLOddsP!$D:$D=""BetOnline.ag"", MLOddsP!$L:$L=$AB$4, MLOddsP!$I:$I = XLOOKUP(D33, Validations!$E$2:$E$31, Validations!$H$2:$H$31) ), 1 ), """" )"),"") | AB33: =IFERROR(__xludf.DUMMYFUNCTION("IFERROR( INDEX( FILTER( MLOddsP!$K:$K, MLOddsP!$D:$D=""Pinnacle"", MLOddsP!$L:$L=$AC$4, MLOddsP!$I:$I = XLOOKUP(D33, Validations!$E$2:$E$31, Validations!$H$2:$H$31) ), 1 ), """" )"),"") | AC33: =IFERROR(__xludf.DUMMYFUNCTION("IFERROR( INDEX( FILTER( MLOddsP!$K:$K, MLOddsP!$D:$D=""Pinnacle"", MLOddsP!$L:$L=$AD$4, MLOddsP!$I:$I = XLOOKUP(D33, Validations!$E$2:$E$31, Validations!$H$2:$H$31) ), 1 ), """" )"),"") | AD33: =MAX(Z33, AB33) -> 0 | AE33: =MAX(AA33, AC33) -> 0 | AF33: =1/AD33 -> #DIV/0! | AG33: =1/AE33 -> #DIV/0! | AH33: =Game15Poisson!$F$30+Game15Poisson!$F$32 -> 0.64494419 | AI33: =Game15Poisson!$F$30 -> 0.40464406 | AJ33: =IFERROR((((AD33-1)*AH33-(1-AH33))/(AD33-1))*10,"") -> 10 | AK33: =IFERROR((((AE33-1)*AI33-(1-AI33))/(AE33-1))*10,"") -> 10 | AL33: =IF(Z33="","Pinnacle",IF(Z33>AB33,"BOL","Pinnacle")) -> Pinnacle | AM33: =IF(AA33="","Pinnacle",IF(AA33>AC33,"BOL","Pinnacle")) -> Pinnacle | AN33: =IFERROR((1-(Dashboard!$F$7*0.1)) / (AH33 - (Dashboard!$E$7*0.1)), "") -> 1.4680402 | AO33: =IFERROR((1-(Dashboard!$E$7*0.1)) / (AI33 - (Dashboard!$E$7*0.1)), "") -> 2.9542673
A34: 15 | B34: Bryan Woo | C34: R | D34: SEA | E34: =IFERROR(_xlfn.XLOOKUP(B34,'Starting Pitchers'!$W$6:$W$1400,'Starting Pitchers'!$AA$6:$AA$1400),2.52) -> 2.125 | F34: =IF(C34="R",_xlfn.XLOOKUP(D33,'Team Batting vs R - Season'!$C$6:$C$35,'Team Batting vs R - Season'!$R$6:$R$35),_xlfn.XLOOKUP(D33,'Team Batting vs L - Season'!$C$6:$C$35,'Team Batting vs L - Season'!$R$6:$R$35)) -> 0.88505298 | G34: =E34 * (F34)^1.2 * 0.8 -> 1.4682907 | H34: =IFERROR(Game15NegBin!C23,"") -> 0.47241817 | I34: =IFERROR(IF(H34>0.5, -(H34/(1-H34))*100, ((1-H34)/H34)*100),"") -> 111.67687 | T34: =IFERROR((((R34-1)*H34-(1-H34))/(R34-1))*10,"") -> 10 | U34: =IF(AND(T34>1, T34<5), "BET", "") | V34: =H34-S34 -> 0.47241817 | W34: =IFERROR((1-(Dashboard!$E$7*0.1)) / (H34 - (Dashboard!$E$7*0.1)), "") -> 2.4166383 | Y34: =#REF! -> #REF! | Z34: =IFERROR(__xludf.DUMMYFUNCTION("IFERROR( INDEX( FILTER( MLOddsP!$K:$K, MLOddsP!$D:$D=""BetOnline.ag"", MLOddsP!$L:$L=$AA$4, MLOddsP!$I:$I = XLOOKUP(D34, Validations!$E$2:$E$31, Validations!$H$2:$H$31) ), 1 ), """" )"),"") | AA34: =IFERROR(__xludf.DUMMYFUNCTION("IFERROR( INDEX( FILTER( MLOddsP!$K:$K, MLOddsP!$D:$D=""BetOnline.ag"", MLOddsP!$L:$L=$AB$4, MLOddsP!$I:$I = XLOOKUP(D34, Validations!$E$2:$E$31, Validations!$H$2:$H$31) ), 1 ), """" )"),"") | AB34: =IFERROR(__xludf.DUMMYFUNCTION("IFERROR( INDEX( FILTER( MLOddsP!$K:$K, MLOddsP!$D:$D=""Pinnacle"", MLOddsP!$L:$L=$AC$4, MLOddsP!$I:$I = XLOOKUP(D34, Validations!$E$2:$E$31, Validations!$H$2:$H$31) ), 1 ), """" )"),"") | AC34: =IFERROR(__xludf.DUMMYFUNCTION("IFERROR( INDEX( FILTER( MLOddsP!$K:$K, MLOddsP!$D:$D=""Pinnacle"", MLOddsP!$L:$L=$AD$4, MLOddsP!$I:$I = XLOOKUP(D34, Validations!$E$2:$E$31, Validations!$H$2:$H$31) ), 1 ), """" )"),"") | AD34: =MAX(Z34, AB34) -> 0 | AE34: =MAX(AA34, AC34) -> 0 | AF34: =1/AD34 -> #DIV/0! | AG34: =1/AE34 -> #DIV/0! | AH34: =Game15Poisson!$F$31+Game15Poisson!$F$32 -> 0.59535594 | AI34: =Game15Poisson!$F$31 -> 0.35505581 | AJ34: =IFERROR((((AD34-1)*AH34-(1-AH34))/(AD34-1))*10,"") -> 10 | AK34: =IFERROR((((AE34-1)*AI34-(1-AI34))/(AE34-1))*10,"") -> 10 | AL34: =IF(Z34="","Pinnacle",IF(Z34>AB34,"BOL","Pinnacle")) -> Pinnacle | AM34: =IF(AA34="","Pinnacle",IF(AA34>AC34,"BOL","Pinnacle")) -> Pinnacle | AN34: =IFERROR((1-(Dashboard!$F$7*0.1)) / (AH34 - (Dashboard!$E$7*0.1)), "") -> 1.6150003 | AO34: =IFERROR((1-(Dashboard!$E$7*0.1)) / (AI34 - (Dashboard!$E$7*0.1)), "") -> 3.5286394

Sheet daily_forecast
A1: date | B1: away_team | C1: away_sp | D1: home_team | E1: home_sp | F1: lambda_away | G1: lambda_home | H1: total_proj | I1: winprob_home | J1: model_version
A2: =TODAY() -> 46109 | B2: =IF('First 5 Innings'!D5="","",'First 5 Innings'!D5) -> TBR | C2: =IF('First 5 Innings'!B5="","",'First 5 Innings'!B5) -> Joe Boyle | D2: =IF('First 5 Innings'!D6="","",'First 5 Innings'!D6) -> STL | E2: =IF('First 5 Innings'!B6="","",'First 5 Innings'!B6) -> Michael McGreevy | F2: =IFERROR(IF('First 5 Innings'!G5=0,"",'First 5 Innings'!G5),"") -> 2.0592548 | G2: =IF('First 5 Innings'!G6=0,"",'First 5 Innings'!G6) -> 2.5805189 | H2: =IF(D2="","",SUM(F2:G2)) -> 4.6397737 | I2: =IF(D2="","",'First 5 Innings'!H6) -> 0.59169813 | J2: =IF(D2="","",'Version History'!$A$2) -> v1.0
A3: =TODAY() -> 46109 | B3: =IF('First 5 Innings'!D7="","",'First 5 Innings'!D7) -> WSN | C3: =IF('First 5 Innings'!B7="","",'First 5 Innings'!B7) -> Miles Mikolas | D3: =IF('First 5 Innings'!D8="","",'First 5 Innings'!D8) -> CHC | E3: =IF('First 5 Innings'!B8="","",'First 5 Innings'!B8) -> Cade Horton | F3: =IFERROR(IF('First 5 Innings'!G7=0,"",'First 5 Innings'!G7),"") -> 1.2815109 | G3: =IF('First 5 Innings'!G8=0,"",'First 5 Innings'!G8) -> 0.77474742 | H3: =IF(D3="","",SUM(F3:G3)) -> 2.0562583 | I3: =IF(D3="","",'First 5 Innings'!H8) -> 0.33689914 | J3: =IF(D3="","",'Version History'!$A$2) -> v1.0
A4: =TODAY() -> 46109 | B4: =IF('First 5 Innings'!D9="","",'First 5 Innings'!D9) -> ATH | C4: =IF('First 5 Innings'!B9="","",'First 5 Innings'!B9) -> Jeffrey Springs | D4: =IF('First 5 Innings'!D10="","",'First 5 Innings'!D10) -> TOR | E4: =IF('First 5 Innings'!B10="","",'First 5 Innings'!B10) -> Dylan Cease | F4: =IFERROR(IF('First 5 Innings'!G9=0,"",'First 5 Innings'!G9),"") -> 2.781908 | G4: =IF('First 5 Innings'!G10=0,"",'First 5 Innings'!G10) -> 2.7766069 | H4: =IF(D4="","",SUM(F4:G4)) -> 5.558515 | I4: =IF(D4="","",'First 5 Innings'!H10) -> 0.4991798 | J4: =IF(D4="","",'Version History'!$A$2) -> v1.0
A5: =TODAY() -> 46109 | B5: =IF('First 5 Innings'!D11="","",'First 5 Innings'!D11) -> MIN | C5: =IF('First 5 Innings'!B11="","",'First 5 Innings'!B11) -> Taj Bradley | D5: =IF('First 5 Innings'!D12="","",'First 5 Innings'!D12) -> BAL | E5: =IF('First 5 Innings'!B12="","",'First 5 Innings'!B12) -> Kyle Bradish | F5: =IFERROR(IF('First 5 Innings'!G11=0,"",'First 5 Innings'!G11),"") -> 1.8266421 | G5: =IF('First 5 Innings'!G12=0,"",'First 5 Innings'!G12) -> 1.1452265 | H5: =IF(D5="","",SUM(F5:G5)) -> 2.9718686 | I5: =IF(D5="","",'First 5 Innings'!H12) -> 0.33513437 | J5: =IF(D5="","",'Version History'!$A$2) -> v1.0
A6: =TODAY() -> 46109 | B6: =IF('First 5 Innings'!D13="","",'First 5 Innings'!D13) -> TEX | C6: =IF('First 5 Innings'!B13="","",'First 5 Innings'!B13) -> Jacob deGrom | D6: =IF('First 5 Innings'!D14="","",'First 5 Innings'!D14) -> PHI | E6: =IF('First 5 Innings'!B14="","",'First 5 Innings'!B14) -> Aaron Nola | F6: =IFERROR(IF('First 5 Innings'!G13=0,"",'First 5 Innings'!G13),"") -> 1.5453819 | G6: =IF('First 5 Innings'!G14=0,"",'First 5 Innings'!G14) -> 3.5853096 | H6: =IF(D6="","",SUM(F6:G6)) -> 5.1306915 | I6: =IF(D6="","",'First 5 Innings'!H14) -> 0.80384275 | J6: =IF(D6="","",'Version History'!$A$2) -> v1.0
A7: =TODAY() -> 46109 | B7: =IF('First 5 Innings'!D15="","",'First 5 Innings'!D15) -> BOS | C7: =IF('First 5 Innings'!B15="","",'First 5 Innings'!B15) -> Sonny Gray | D7: =IF('First 5 Innings'!D16="","",'First 5 Innings'!D16) -> CIN | E7: =IF('First 5 Innings'!B16="","",'First 5 Innings'!B16) -> Brady Singer | F7: =IFERROR(IF('First 5 Innings'!G15=0,"",'First 5 Innings'!G15),"") -> 2.7907438 | G7: =IF('First 5 Innings'!G16=0,"",'First 5 Innings'!G16) -> 2.1072284 | H7: =IF(D7="","",SUM(F7:G7)) -> 4.8979722 | I7: =IF(D7="","",'First 5 Innings'!H16) -> 0.38507353 | J7: =IF(D7="","",'Version History'!$A$2) -> v1.0
A8: =TODAY() -> 46109 | B8: =IF('First 5 Innings'!D17="","",'First 5 Innings'!D17) -> PIT | C8: =IF('First 5 Innings'!B17="","",'First 5 Innings'!B17) -> Mitch Keller | D8: =IF('First 5 Innings'!D18="","",'First 5 Innings'!D18) -> NYM | E8: =IF('First 5 Innings'!B18="","",'First 5 Innings'!B18) -> David Peterson | F8: =IFERROR(IF('First 5 Innings'!G17=0,"",'First 5 Innings'!G17),"") -> 2.6219046 | G8: =IF('First 5 Innings'!G18=0,"",'First 5 Innings'!G18) -> 1.2917356 | H8: =IF(D8="","",SUM(F8:G8)) -> 3.9136402 | I8: =IF(D8="","",'First 5 Innings'!H18) -> 0.24809851 | J8: =IF(D8="","",'Version History'!$A$2) -> v1.0
A9: =TODAY() -> 46109 | B9: =IF('First 5 Innings'!D19="","",'First 5 Innings'!D19) -> COL | C9: =IF('First 5 Innings'!B19="","",'First 5 Innings'!B19) -> Michael Lorenzen | D9: =IF('First 5 Innings'!D20="","",'First 5 Innings'!D20) -> MIA | E9: =IF('First 5 Innings'!B20="","",'First 5 Innings'!B20) -> Eury Pérez | F9: =IFERROR(IF('First 5 Innings'!G19=0,"",'First 5 Innings'!G19),"") -> 2.0217493 | G9: =IF('First 5 Innings'!G20=0,"",'First 5 Innings'!G20) -> 1.8849384 | H9: =IF(D9="","",SUM(F9:G9)) -> 3.9066878 | I9: =IF(D9="","",'First 5 Innings'!H20) -> 0.47243021 | J9: =IF(D9="","",'Version History'!$A$2) -> v1.0
A10: =TODAY() -> 46109 | B10: =IF('First 5 Innings'!D21="","",'First 5 Innings'!D21) -> LAA | C10: =IF('First 5 Innings'!B21="","",'First 5 Innings'!B21) -> Reid Detmers | D10: =IF('First 5 Innings'!D22="","",'First 5 Innings'!D22) -> HOU | E10: =IF('First 5 Innings'!B22="","",'First 5 Innings'!B22) -> Cristian Javier | F10: =IFERROR(IF('First 5 Innings'!G21=0,"",'First 5 Innings'!G21),"") -> 2.2501747 | G10: =IF('First 5 Innings'!G22=0,"",'First 5 Innings'!G22) -> 2.6557283 | H10: =IF(D10="","",SUM(F10:G10)) -> 4.905903 | I10: =IF(D10="","",'First 5 Innings'!H22) -> 0.56864666 | J10: =IF(D10="","",'Version History'!$A$2) -> v1.0
A11: =TODAY() -> 46109 | B11: =IF('First 5 Innings'!D23="","",'First 5 Innings'!D23) -> CHW | C11: =IF('First 5 Innings'!B23="","",'First 5 Innings'!B23) -> Sean Burke | D11: =IF('First 5 Innings'!D24="","",'First 5 Innings'!D24) -> MIL | E11: =IF('First 5 Innings'!B24="","",'First 5 Innings'!B24) -> Chad Patrick | F11: =IFERROR(IF('First 5 Innings'!G23=0,"",'First 5 Innings'!G23),"") -> 1.7789999 | G11: =IF('First 5 Innings'!G24=0,"",'First 5 Innings'!G24) -> 1.5298007 | H11: =IF(D11="","",SUM(F11:G11)) -> 3.3088006 | I11: =IF(D11="","",'First 5 Innings'!H24) -> 0.44323459 | J11: =IF(D11="","",'Version History'!$A$2) -> v1.0
A12: =TODAY() -> 46109 | B12: =IF('First 5 Innings'!D25="","",'First 5 Innings'!D25) -> KCR | C12: =IF('First 5 Innings'!B25="","",'First 5 Innings'!B25) -> Michael Wacha | D12: =IF('First 5 Innings'!D26="","",'First 5 Innings'!D26) -> ATL | E12: =IF('First 5 Innings'!B26="","",'First 5 Innings'!B26) -> Reynaldo López | F12: =IFERROR(IF('First 5 Innings'!G25=0,"",'First 5 Innings'!G25),"") -> 3.1117188 | G12: =IF('First 5 Innings'!G26=0,"",'First 5 Innings'!G26) -> 1.9808154 | H12: =IF(D12="","",SUM(F12:G12)) -> 5.0925342 | I12: =IF(D12="","",'First 5 Innings'!H26) -> 0.3188485 | J12: =IF(D12="","",'Version History'!$A$2) -> v1.0
A13: =TODAY() -> 46109 | B13: =IF('First 5 Innings'!D27="","",'First 5 Innings'!D27) -> NYY | C13: =IF('First 5 Innings'!B27="","",'First 5 Innings'!B27) -> Will Warren | D13: =IF('First 5 Innings'!D28="","",'First 5 Innings'!D28) -> SFG | E13: =IF('First 5 Innings'!B28="","",'First 5 Innings'!B28) -> Tyler Mahle | F13: =IFERROR(IF('First 5 Innings'!G27=0,"",'First 5 Innings'!G27),"") -> 2.3086946 | G13: =IF('First 5 Innings'!G28=0,"",'First 5 Innings'!G28) -> 2.3273876 | H13: =IF(D13="","",SUM(F13:G13)) -> 4.6360823 | I13: =IF(D13="","",'First 5 Innings'!H28) -> 0.50331558 | J13: =IF(D13="","",'Version History'!$A$2) -> v1.0
A14: =TODAY() -> 46109 | B14: =IF('First 5 Innings'!D29="","",'First 5 Innings'!D29) -> DET | C14: =IF('First 5 Innings'!B29="","",'First 5 Innings'!B29) -> Jack Flaherty | D14: =IF('First 5 Innings'!D30="","",'First 5 Innings'!D30) -> SDP | E14: =IF('First 5 Innings'!B30="","",'First 5 Innings'!B30) -> Randy Vásquez | F14: =IFERROR(IF('First 5 Innings'!G29=0,"",'First 5 Innings'!G29),"") -> 2.2923967 | G14: =IF('First 5 Innings'!G30=0,"",'First 5 Innings'!G30) -> 2.033712 | H14: =IF(D14="","",SUM(F14:G14)) -> 4.3261087 | I14: =IF(D14="","",'First 5 Innings'!H30) -> 0.45177322 | J14: =IF(D14="","",'Version History'!$A$2) -> v1.0
A15: =TODAY() -> 46109 | B15: =IF('First 5 Innings'!D31="","",'First 5 Innings'!D31) -> ARI | C15: =IF('First 5 Innings'!B31="","",'First 5 Innings'!B31) -> Eduardo Rodriguez | D15: =IF('First 5 Innings'!D32="","",'First 5 Innings'!D32) -> LAD | E15: =IF('First 5 Innings'!B32="","",'First 5 Innings'!B32) -> Tyler Glasnow | F15: =IFERROR(IF('First 5 Innings'!G31=0,"",'First 5 Innings'!G31),"") -> 1.885223 | G15: =IF('First 5 Innings'!G32=0,"",'First 5 Innings'!G32) -> 1.5138561 | H15: =IF(D15="","",SUM(F15:G15)) -> 3.3990791 | I15: =IF(D15="","",'First 5 Innings'!H32) -> 0.41736048 | J15: =IF(D15="","",'Version History'!$A$2) -> v1.0

Sheet Game 1 NegBin
A1: Variable | B1: Game 1 | D1: Game 2 | F1: Game 3 | H1: Game 4 | J1: Game 5 | L1: Game 6 | N1: Game 7 | P1: Game 8 | R1: Game 9 | T1: Game 10 | V1: Game 11 | X1: Game 12 | Z1: Game 13 | AB1: Game 14 | AD1: Game 15
A2: 6.7 | B2: Away Team | C2: Home Team | D2: Away Team | E2: Home Team | F2: Away Team | G2: Home Team | H2: Away Team | I2: Home Team | J2: Away Team | K2: Home Team | L2: Away Team | M2: Home Team | N2: Away Team | O2: Home Team | P2: Away Team | Q2: Home Team | R2: Away Team | S2: Home Team | T2: Away Team | U2: Home Team | V2: Away Team | W2: Home Team | X2: Away Team | Y2: Home Team | Z2: Away Team | AA2: Home Team | AB2: Away Team | AC2: Home Team | AD2: Away Team | AE2: Home Team
B3: ='First 5 Innings'!#REF! -> #REF! | C3: ='First 5 Innings'!#REF! -> #REF! | D3: ='First 5 Innings'!#REF! -> #REF! | E3: ='First 5 Innings'!#REF! -> #REF! | F3: ='First 5 Innings'!#REF! -> #REF! | G3: ='First 5 Innings'!#REF! -> #REF! | H3: ='First 5 Innings'!#REF! -> #REF! | I3: ='First 5 Innings'!#REF! -> #REF! | ... AE3: ='First 5 Innings'!#REF! -> #REF!
B4: ='First 5 Innings'!$G$5 -> 2.0592548 | C4: ='First 5 Innings'!$G$6 -> 2.5805189 | D4: ='First 5 Innings'!$G$7 -> 1.2815109 | E4: ='First 5 Innings'!$G$8 -> 0.77474742 | F4: ='First 5 Innings'!$G$9 -> 2.781908 | G4: ='First 5 Innings'!$G$10 -> 2.7766069 | H4: ='First 5 Innings'!$G$11 -> 1.8266421 | I4: ='First 5 Innings'!$G$12 -> 1.1452265 | J4: ='First 5 Innings'!$G$13 -> 1.5453819 | K4: ='First 5 Innings'!$G$14 -> 3.5853096 | L4: ='First 5 Innings'!$G$15 -> 2.7907438 | M4: ='First 5 Innings'!$G$16 -> 2.1072284 | N4: ='First 5 Innings'!$G$17 -> 2.6219046 | O4: ='First 5 Innings'!$G$18 -> 1.2917356 | P4: ='First 5 Innings'!$G$19 -> 2.0217493 | Q4: ='First 5 Innings'!$G$20 -> 1.8849384 | R4: ='First 5 Innings'!$G$21 -> 2.2501747 | S4: ='First 5 Innings'!$G$22 -> 2.6557283 | T4: ='First 5 Innings'!$G$23 -> 1.7789999 | U4: ='First 5 Innings'!$G$24 -> 1.5298007 | V4: ='First 5 Innings'!$G$25 -> 3.1117188 | W4: ='First 5 Innings'!$G$26 -> 1.9808154 | X4: ='First 5 Innings'!$G$27 -> 2.3086946 | Y4: ='First 5 Innings'!$G$28 -> 2.3273876 | Z4: ='First 5 Innings'!$G$29 -> 2.2923967 | AA4: ='First 5 Innings'!$G$28 -> 2.3273876 | AB4: ='First 5 Innings'!$G$31 -> 1.885223 | AC4: ='First 5 Innings'!$G$30 -> 2.033712 | AD4: ='First 5 Innings'!$G$33 -> 1.581934 | AE4: ='First 5 Innings'!$G$32 -> 1.5138561
A5: 0 | B5: =_xlfn.NEGBINOM.DIST(A5,$A$2,$A$2/($A$2+$B$4),FALSE) -> 0.20028382 | C5: =_xlfn.NEGBINOM.DIST(A5,$A$2,$A$2/($A$2+$C$4),FALSE) -> 0.14158435 | D5: =NEGBINOMDIST(A5,$A$2,$A$2/($A$2+$D$4)) -> 0.34989533 | E5: =NEGBINOMDIST(A5,$A$2,$A$2/($A$2+$E$4)) -> 0.51864439 | F5: =NEGBINOMDIST($A5,$A$2,$A$2/($A$2+$F$4)) -> 0.12447278 | G5: =NEGBINOMDIST($A5,$A$2,$A$2/($A$2+$G$4)) -> 0.12489113 | H5: =NEGBINOMDIST($A5,$A$2,$A$2/($A$2+$H$4)) -> 0.235386 | I5: =NEGBINOMDIST($A5,$A$2,$A$2/($A$2+$I$4)) -> 0.38798585 | J5: =NEGBINOMDIST($A5,$A$2,$A$2/($A$2+$J$4)) -> 0.28786189 | K5: =NEGBINOMDIST($A5,$A$2,$A$2/($A$2+$K$4)) -> 0.076409014 | L5: =NEGBINOMDIST($A5,$A$2,$A$2/($A$2+$L$4)) -> 0.1237791 | M5: =NEGBINOMDIST($A5,$A$2,$A$2/($A$2+$M$4)) -> 0.19382655 | N5: =NEGBINOMDIST($A5,$A$2,$A$2/($A$2+L$4)) -> 0.1237791 | O5: =NEGBINOMDIST($A5,$A$2,$A$2/($A$2+O$4)) -> 0.34721796 | P5: =NEGBINOMDIST($A$5,$A$2,$A$2/($A$2+$P$4)) -> 0.20550728 | Q5: =NEGBINOMDIST($A$5,$A$2,$A$2/($A$2+$Q$4)) -> 0.22595695 | R5: =NEGBINOMDIST($A5,$A$2,$A$2/($A$2+$R$4)) -> 0.17597855 | S5: =NEGBINOMDIST($A5,$A$2,$A$2/($A$2+$S$4)) -> 0.13489107 | T5: =NEGBINOMDIST($A5,$A$2,$A$2/($A$2+$T$4)) -> 0.24343389 | U5: =NEGBINOMDIST($A5,$A$2,$A$2/($A$2+$U$4)) -> 0.29114739 | V5: =NEGBINOMDIST($A5,$A$2,$A$2/($A$2+$V$4)) -> 0.10138606 | W5: =NEGBINOMDIST($A5,$A$2,$A$2/($A$2+$W$4)) -> 0.21139061 | X5: =NEGBINOMDIST($A5,$A$2,$A$2/($A$2+$X$4)) -> 0.16923011 | Y5: =NEGBINOMDIST($A5,$A$2,$A$2/($A$2+$Y$4)) -> 0.16713841 | Z5: =NEGBINOMDIST($A5,$A$2,$A$2/($A$2+$Z$4)) -> 0.17107875 | AA5: =NEGBINOMDIST($A5,$A$2,$A$2/($A$2+$AA$4)) -> 0.16713841 | AB5: =NEGBINOMDIST($A5,$A$2,$A$2/($A$2+$AB$4)) -> 0.22591201 | AC5: =NEGBINOMDIST($A5,$A$2,$A$2/($A$2+$AC$4)) -> 0.20382414 | AD5: =NEGBINOMDIST($A5,$A$2,$A$2/($A$2+$AD$4)) -> 0.28032267 | AE5: =NEGBINOMDIST($A5,$A$2,$A$2/($A$2+$AE$4)) -> 0.29455492
A6: 1 | B6: =_xlfn.NEGBINOM.DIST(A6,$A$2,$A$2/($A$2+$B$4),FALSE) -> 0.28251404 | C6: =NEGBINOMDIST(A6,$A$2,$A$2/($A$2+$C$4)) -> 0.23621164 | D6: =NEGBINOMDIST(A6,$A$2,$A$2/($A$2+$D$4)) -> 0.33707504 | E6: =NEGBINOMDIST(A6,$A$2,$A$2/($A$2+$E$4)) -> 0.32254072 | F6: =NEGBINOMDIST($A6,$A$2,$A$2/($A$2+$F$4)) -> 0.21911528 | G6: =NEGBINOMDIST($A6,$A$2,$A$2/($A$2+$G$4)) -> 0.21955554 | H6: =NEGBINOMDIST($A6,$A$2,$A$2/($A$2+$H$4)) -> 0.30255706 | I6: =NEGBINOMDIST($A6,$A$2,$A$2/($A$2+$I$4)) -> 0.33982322 | J6: =NEGBINOMDIST($A6,$A$2,$A$2/($A$2+$J$4)) -> 0.32371324 | K6: =NEGBINOMDIST($A6,$A$2,$A$2/($A$2+$K$4)) -> 0.15981044 | L6: =NEGBINOMDIST($A6,$A$2,$A$2/($A$2+$L$4)) -> 0.21838273 | M6: =NEGBINOMDIST($A6,$A$2,$A$2/($A$2+$M$4)) -> 0.27825108 | N6: =NEGBINOMDIST($A6,$A$2,$A$2/($A$2+L$4)) -> 0.21838273 | O6: =NEGBINOMDIST($A6,$A$2,$A$2/($A$2+O$4)) -> 0.33673321 | P6: =NEGBINOMDIST($A6,$A$2,$A$2/($A$2+P$4)) -> 0.28582629 | Q6: =NEGBINOMDIST($A6,$A$2,$A$2/($A$2+Q$4)) -> 0.29767128 | R6: =NEGBINOMDIST($A6,$A$2,$A$2/($A$2+$R$4)) -> 0.26545794 | S6: =NEGBINOMDIST($A6,$A$2,$A$2/($A$2+$S$4)) -> 0.22974205 | T6: =NEGBINOMDIST($A6,$A$2,$A$2/($A$2+$T$4)) -> 0.30645279 | U6: =NEGBINOMDIST($A6,$A$2,$A$2/($A$2+$U$4)) -> 0.32472049 | V6: =NEGBINOMDIST($A6,$A$2,$A$2/($A$2+$V$4)) -> 0.19292333 | W6: =NEGBINOMDIST($A6,$A$2,$A$2/($A$2+$W$4)) -> 0.28941459 | X6: =NEGBINOMDIST($A6,$A$2,$A$2/($A$2+$X$4)) -> 0.2602157 | Y6: =NEGBINOMDIST($A6,$A$2,$A$2/($A$2+$Y$4)) -> 0.25854381 | Z6: =NEGBINOMDIST($A6,$A$2,$A$2/($A$2+$Z$4)) -> 0.26167464 | AA6: =NEGBINOMDIST($A6,$A$2,$A$2/($A$2+$AA$4)) -> 0.25854381 | AB6: =NEGBINOMDIST($A6,$A$2,$A$2/($A$2+$AB$4)) -> 0.29764715 | AC6: =NEGBINOMDIST($A6,$A$2,$A$2/($A$2+$AC$4)) -> 0.28477211 | AD6: =NEGBINOMDIST($A6,$A$2,$A$2/($A$2+$AD$4)) -> 0.32126696 | AE6: =NEGBINOMDIST($A6,$A$2,$A$2/($A$2+$AE$4)) -> 0.32572796
A7: 2 | B7: =_xlfn.NEGBINOM.DIST(A7,$A$2,$A$2/($A$2+$B$4),FALSE) -> 0.23246148 | C7: =NEGBINOMDIST(A7,$A$2,$A$2/($A$2+$C$4)) -> 0.22988155 | D7: =NEGBINOMDIST(A7,$A$2,$A$2/($A$2+$D$4)) -> 0.18942262 | E7: =NEGBINOMDIST(A7,$A$2,$A$2/($A$2+$E$4)) -> 0.11700818 | F7: =NEGBINOMDIST($A7,$A$2,$A$2/($A$2+$F$4)) -> 0.2250027 | G7: =NEGBINOMDIST($A7,$A$2,$A$2/($A$2+$G$4)) -> 0.22515105 | H7: =NEGBINOMDIST($A7,$A$2,$A$2/($A$2+$H$4)) -> 0.22685626 | I7: =NEGBINOMDIST($A7,$A$2,$A$2/($A$2+$I$4)) -> 0.1736229 | J7: =NEGBINOMDIST($A7,$A$2,$A$2/($A$2+$J$4)) -> 0.21235063 | K7: =NEGBINOMDIST($A7,$A$2,$A$2/($A$2+$K$4)) -> 0.1949766 | L7: =NEGBINOMDIST($A7,$A$2,$A$2/($A$2+$L$4)) -> 0.22475329 | M7: =NEGBINOMDIST($A7,$A$2,$A$2/($A$2+$M$4)) -> 0.23301145 | N7: =NEGBINOMDIST($A7,$A$2,$A$2/($A$2+L$4)) -> 0.22475329 | O7: =NEGBINOMDIST($A7,$A$2,$A$2/($A$2+O$4)) -> 0.19049628 | P7: =NEGBINOMDIST($A7,$A$2,$A$2/($A$2+P$4)) -> 0.23189636 | Q7: =NEGBINOMDIST($A7,$A$2,$A$2/($A$2+Q$4)) -> 0.22875204 | R7: =NEGBINOMDIST($A7,$A$2,$A$2/($A$2+$R$4)) -> 0.2335869 | S7: =NEGBINOMDIST($A7,$A$2,$A$2/($A$2+$S$4)) -> 0.228252 | T7: =NEGBINOMDIST($A7,$A$2,$A$2/($A$2+$T$4)) -> 0.22504166 | U7: =NEGBINOMDIST($A7,$A$2,$A$2/($A$2+$U$4)) -> 0.21126292 | V7: =NEGBINOMDIST($A7,$A$2,$A$2/($A$2+$V$4)) -> 0.21414506 | W7: =NEGBINOMDIST($A7,$A$2,$A$2/($A$2+$W$4)) -> 0.23113832 | X7: =NEGBINOMDIST($A7,$A$2,$A$2/($A$2+$X$4)) -> 0.23340286 | Y7: =NEGBINOMDIST($A7,$A$2,$A$2/($A$2+$Y$4)) -> 0.23329682 | Z7: =NEGBINOMDIST($A7,$A$2,$A$2/($A$2+$Z$4)) -> 0.23347694 | AA7: =NEGBINOMDIST($A7,$A$2,$A$2/($A$2+$AA$4)) -> 0.23329682 | AB7: =NEGBINOMDIST($A7,$A$2,$A$2/($A$2+$AB$4)) -> 0.22876044 | AC7: =NEGBINOMDIST($A7,$A$2,$A$2/($A$2+$AC$4)) -> 0.23208981 | AD7: =NEGBINOMDIST($A7,$A$2,$A$2/($A$2+$AD$4)) -> 0.21477845 | AE7: =NEGBINOMDIST($A7,$A$2,$A$2/($A$2+$AE$4)) -> 0.2101167
A8: 3 | B8: =_xlfn.NEGBINOM.DIST(A8,$A$2,$A$2/($A$2+$B$4),FALSE) -> 0.14573459 | C8: =NEGBINOMDIST(A8,$A$2,$A$2/($A$2+$C$4)) -> 0.17045417 | D8: =NEGBINOMDIST(A8,$A$2,$A$2/($A$2+$D$4)) -> 0.081103156 | E8: =NEGBINOMDIST(A8,$A$2,$A$2/($A$2+$E$4)) -> 0.032340636 | F8: =NEGBINOMDIST($A8,$A$2,$A$2/($A$2+$F$4)) -> 0.17603681 | G8: =NEGBINOMDIST($A8,$A$2,$A$2/($A$2+$G$4)) -> 0.17591556 | H8: =NEGBINOMDIST($A8,$A$2,$A$2/($A$2+$H$4)) -> 0.12959699 | I8: =NEGBINOMDIST($A8,$A$2,$A$2/($A$2+$I$4)) -> 0.067586762 | J8: =NEGBINOMDIST($A8,$A$2,$A$2/($A$2+$J$4)) -> 0.10613224 | K8: =NEGBINOMDIST($A8,$A$2,$A$2/($A$2+$K$4)) -> 0.1812427 | L8: =NEGBINOMDIST($A8,$A$2,$A$2/($A$2+$L$4)) -> 0.17623595 | M8: =NEGBINOMDIST($A8,$A$2,$A$2/($A$2+$M$4)) -> 0.14866829 | N8: =NEGBINOMDIST($A8,$A$2,$A$2/($A$2+L$4)) -> 0.17623595 | O8: =NEGBINOMDIST($A8,$A$2,$A$2/($A$2+O$4)) -> 0.082108431 | P8: =NEGBINOMDIST($A8,$A$2,$A$2/($A$2+P$4)) -> 0.14334626 | Q8: =NEGBINOMDIST($A8,$A$2,$A$2/($A$2+Q$4)) -> 0.13393488 | R8: =NEGBINOMDIST($A8,$A$2,$A$2/($A$2+$R$4)) -> 0.15660367 | S8: =NEGBINOMDIST($A8,$A$2,$A$2/($A$2+$S$4)) -> 0.17277837 | T8: =NEGBINOMDIST($A8,$A$2,$A$2/($A$2+$T$4)) -> 0.12591079 | U8: =NEGBINOMDIST($A8,$A$2,$A$2/($A$2+$U$4)) -> 0.10472191 | V8: =NEGBINOMDIST($A8,$A$2,$A$2/($A$2+$V$4)) -> 0.18110567 | W8: =NEGBINOMDIST($A8,$A$2,$A$2/($A$2+$W$4)) -> 0.14064496 | X8: =NEGBINOMDIST($A8,$A$2,$A$2/($A$2+$X$4)) -> 0.15950692 | Y8: =NEGBINOMDIST($A8,$A$2,$A$2/($A$2+$Y$4)) -> 0.16039255 | Z8: =NEGBINOMDIST($A8,$A$2,$A$2/($A$2+$Z$4)) -> 0.15871832 | AA8: =NEGBINOMDIST($A8,$A$2,$A$2/($A$2+$AA$4)) -> 0.16039255 | AB8: =NEGBINOMDIST($A8,$A$2,$A$2/($A$2+$AB$4)) -> 0.13395558 | AC8: =NEGBINOMDIST($A8,$A$2,$A$2/($A$2+$AC$4)) -> 0.14411706 | AD8: =NEGBINOMDIST($A8,$A$2,$A$2/($A$2+$AD$4)) -> 0.10939968 | AE8: =NEGBINOMDIST($A8,$A$2,$A$2/($A$2+$AE$4)) -> 0.10326825
A9: 4 | B9: =_xlfn.NEGBINOM.DIST(A9,$A$2,$A$2/($A$2+$B$4),FALSE) -> 0.077088234 | C9: =NEGBINOMDIST(A9,$A$2,$A$2/($A$2+$C$4)) -> 0.10664118 | D9: =NEGBINOMDIST(A9,$A$2,$A$2/($A$2+$D$4)) -> 0.029299315 | E9: =NEGBINOMDIST(A9,$A$2,$A$2/($A$2+$E$4)) -> 0.0075421419 | F9: =NEGBINOMDIST($A9,$A$2,$A$2/($A$2+$F$4)) -> 0.1162072 | G9: =NEGBINOMDIST($A9,$A$2,$A$2/($A$2+$G$4)) -> 0.11597071 | H9: =NEGBINOMDIST($A9,$A$2,$A$2/($A$2+$H$4)) -> 0.062467317 | I9: =NEGBINOMDIST($A9,$A$2,$A$2/($A$2+$I$4)) -> 0.022198829 | J9: =NEGBINOMDIST($A9,$A$2,$A$2/($A$2+$J$4)) -> 0.044756372 | K9: =NEGBINOMDIST($A9,$A$2,$A$2/($A$2+$K$4)) -> 0.14215179 | L9: =NEGBINOMDIST($A9,$A$2,$A$2/($A$2+$L$4)) -> 0.11659951 | M9: =NEGBINOMDIST($A9,$A$2,$A$2/($A$2+$M$4)) -> 0.080033758 | N9: =NEGBINOMDIST($A9,$A$2,$A$2/($A$2+L$4)) -> 0.11659951 | O9: =NEGBINOMDIST($A9,$A$2,$A$2/($A$2+O$4)) -> 0.029860892 | P9: =NEGBINOMDIST($A9,$A$2,$A$2/($A$2+P$4)) -> 0.07476401 | Q9: =NEGBINOMDIST($A9,$A$2,$A$2/($A$2+Q$4)) -> 0.0661662 | R9: =NEGBINOMDIST($A9,$A$2,$A$2/($A$2+$R$4)) -> 0.088586836 | S9: =NEGBINOMDIST($A9,$A$2,$A$2/($A$2+$S$4)) -> 0.11035142 | T9: =NEGBINOMDIST($A9,$A$2,$A$2/($A$2+$T$4)) -> 0.059439719 | U9: =NEGBINOMDIST($A9,$A$2,$A$2/($A$2+$U$4)) -> 0.043799142 | V9: =NEGBINOMDIST($A9,$A$2,$A$2/($A$2+$V$4)) -> 0.12923192 | W9: =NEGBINOMDIST($A9,$A$2,$A$2/($A$2+$W$4)) -> 0.072208805 | X9: =NEGBINOMDIST($A9,$A$2,$A$2/($A$2+$X$4)) -> 0.091974338 | Y9: =NEGBINOMDIST($A9,$A$2,$A$2/($A$2+$Y$4)) -> 0.093040779 | Z9: =NEGBINOMDIST($A9,$A$2,$A$2/($A$2+$Z$4)) -> 0.091038246 | AA9: =NEGBINOMDIST($A9,$A$2,$A$2/($A$2+$AA$4)) -> 0.093040779 | AB9: =NEGBINOMDIST($A9,$A$2,$A$2/($A$2+$AB$4)) -> 0.066184225 | AC9: =NEGBINOMDIST($A9,$A$2,$A$2/($A$2+$AC$4)) -> 0.075507222 | AD9: =NEGBINOMDIST($A9,$A$2,$A$2/($A$2+$AD$4)) -> 0.047017027 | AE9: =NEGBINOMDIST($A9,$A$2,$A$2/($A$2+$AE$4)) -> 0.04282396
